n_weeks,initial_cases,analytical_pmo,rf_probability,gb_probability
2,"1,0",0.502174792432875,0.4950818767087563,0.49536123050759356
2,"1,1",0.8997960490839698,0.9000826695912596,0.899778201521327
2,"1,2",0.9849838926920748,0.9862922358297983,0.9863755036653407
2,"1,3",0.9980648744587977,0.9979602964961538,0.9978866354464584
2,"1,4",0.9997707453274597,0.9998884011681862,0.9998672679554408
2,"1,5",0.9999741686642423,0.9997608557966338,0.9997558139232
2,"1,6",0.9999971800903761,1.0,0.999992055840788
2,"1,7",0.999999698544971,1.0,0.999992055840788
2,"1,8",0.9999999682366154,1.0,0.999992055840788
2,"1,9",0.9999999966876356,1.0,0.999992055840788
2,"1,10",0.9999999996572003,1.0,0.999992055840788
3,"1,0,0",0.22406030836064864,0.219339966459175,0.21960378961379615
3,"1,0,1",0.7496931049820219,0.7415289835048949,0.7423458218692192
3,"1,0,2",0.944392058968925,0.9475214054943166,0.9473991718861657
3,"1,0,3",0.9902902295387759,0.9901962853814221,0.9902997297694567
3,"1,0,4",0.9985572038477486,1.0,0.9999418154597379
3,"1,0,5",0.9998077567872066,1.0,0.9999872338514236
3,"1,0,6",0.9999762190476098,1.0,0.9999923443500892
3,"1,0,7",0.9999972055004887,1.0,0.9999923443500892
3,"1,0,8",0.9999996832827737,1.0,0.9999923443500892
3,"1,0,9",0.9999999650261425,1.0,0.9999923443500892
3,"1,0,10",0.9999999962110662,1.0,0.9999923443500892
3,"1,1,0",0.5345521304185266,0.5447129922881027,0.5429759912651403
3,"1,1,1",0.8505093931798074,0.8461742710825979,0.845789653246084
3,"1,1,2",0.9631029373956329,0.9647608753047291,0.9645780735327151
3,"1,1,3",0.9925574181028214,0.9923746861554039,0.9924365851979603
3,"1,1,4",0.9987166871023738,0.997827313613845,0.9979482969983762
3,"1,1,5",0.9998040154288501,1.0,0.9999552971911491
3,"1,1,6",0.9999727275291965,1.0,0.9999892402516737
3,"1,1,7",0.9999964636738292,1.0,0.9999892402516737
3,"1,1,8",0.9999995653207583,1.0,0.9999892402516737
3,"1,1,9",0.9999999486908302,1.0,0.9999892402516737
3,"1,1,10",0.9999999941276506,1.0,0.9999892402516737
3,"1,2,0",0.7161653774571084,0.7198862264921254,0.7215351639821809
3,"1,2,1",0.9080499800774349,0.9251254509726503,0.9243586808910497
3,"1,2,2",0.9757222791574476,0.976168224741898,0.9767169568922741
3,"1,2,3",0.9945874509076135,0.9979277225834461,0.9979391184615115
3,"1,2,4",0.998952711413021,0.999536526360945,0.9994068699052595
3,"1,2,5",0.9998200443517127,0.9995724356574707,0.9996158429530266
3,"1,2,6",0.9999719855231692,1.0,0.9999867839500192
3,"1,2,7",0.99999597878188,1.0,0.9999867839500192
3,"1,2,8",0.9999994595971423,1.0,0.9999867839500192
3,"1,2,9",0.999999931124034,1.0,0.9999867839500192
3,"1,2,10",0.9999999915855285,1.0,0.9999867839500192
3,"1,3,0",0.8241211499693293,0.8299830224919134,0.8245445155803884
3,"1,3,1",0.9425052281070098,0.950600502272207,0.949200069126957
3,"1,3,2",0.9841030950022014,0.9873414632732377,0.9853225720640958
3,"1,3,3",0.9961947357737385,0.994061536379214,0.9938329129404198
3,"1,3,4",0.9991966453947644,0.9981877115905534,0.9989035417063191
3,"1,3,5",0.9998480653574366,1.0,0.9999364751715641
3,"1,3,6",0.9999739011246154,1.0,0.999988202925712
3,"1,3,7",0.9999958763336517,1.0,0.999988202925712
3,"1,3,8",0.999999393645539,1.0,0.999988202925712
3,"1,3,9",0.9999999161243933,1.0,0.999988202925712
3,"1,3,10",0.9999999889784483,1.0,0.999988202925712
3,"1,4,0",0.8896836686375973,1.0,0.9999863524484537
3,"1,4,1",0.9636555792774807,1.0,0.9999490639090459
3,"1,4,2",0.9896108368251029,1.0,0.9995657735587045
3,"1,4,3",0.9973798122411766,0.9902782459873667,0.9899528897901174
3,"1,4,4",0.9994089779814865,1.0,0.999529798721656
3,"1,4,5",0.9998793949465623,1.0,0.9999727711764964
3,"1,4,6",0.9999775113361348,1.0,0.9999903816622588
3,"1,4,7",0.9999961332156776,1.0,0.9999903816622588
3,"1,4,8",0.9999993816478268,1.0,0.9999903816622588
3,"1,4,9",0.9999999072807327,1.0,0.9999903816622588
3,"1,4,10",0.9999999868613918,1.0,0.9999903816622588
3,"1,5,0",0.930164812465693,1.0,0.9999863524484537
3,"1,5,1",0.9768421929417496,1.0,0.9996373438833529
3,"1,5,2",0.9932118823781703,0.7845227272727271,0.8025268190776016
3,"1,5,3",0.9982186592377319,1.0,0.998656531717393
3,"1,5,4",0.9995770681080727,1.0,0.999719107302998
3,"1,5,5",0.9999083362515864,1.0,0.9999799008457434
3,"1,5,6",0.9999817234727749,1.0,0.9999903816622588
3,"1,5,7",0.9999966242777127,1.0,0.9999903816622588
3,"1,5,8",0.9999994187079735,1.0,0.9999903816622588
3,"1,5,9",0.9999999061099909,1.0,0.9999903816622588
3,"1,5,10",0.9999999856909868,1.0,0.9999903816622588
3,"1,6,0",0.9554724288059437,1.0,0.9999863524484537
3,"1,6,1",0.9851538019064976,1.0,0.9997049979391299
3,"1,6,2",0.9955619190501315,0.8021060606060604,0.8467894354505004
3,"1,6,3",0.9987984999879431,1.0,0.9990074002573861
3,"1,6,4",0.9997029135303408,1.0,0.9997460687075294
3,"1,6,5",0.9999324191050443,1.0,0.9999799008457434
3,"1,6,6",0.9999857673680765,1.0,0.9999903816622588
3,"1,6,7",0.9999972094410563,1.0,0.9999903816622588
3,"1,6,8",0.9999994880361691,1.0,0.9999903816622588
3,"1,6,9",0.9999999116970169,1.0,0.9999903816622588
3,"1,6,10",0.9999999856167524,1.0,0.9999903816622588
3,"1,7,0",0.9714455599786285,1.0,0.9999863591324367
3,"1,7,1",0.9904356483146983,1.0,0.9999699779837508
3,"1,7,2",0.997095353618776,0.9463174603174602,0.9978860138157708
3,"1,7,3",0.9991936516204692,1.0,0.9994745753999432
3,"1,7,4",0.999793946180809,1.0,0.9997461512524667
3,"1,7,5",0.9999512362467233,1.0,0.9999799036612933
3,"1,7,6",0.9999892558485468,1.0,0.9999903816622588
3,"1,7,7",0.9999977856775699,1.0,0.9999903816622588
3,"1,7,8",0.9999995713223331,1.0,0.9999903816622588
3,"1,7,9",0.9999999217446944,1.0,0.9999903816622588
3,"1,7,10",0.9999999864807333,1.0,0.9999903816622588
3,"1,8,0",0.9816029301184712,1.0,0.9999863591324367
3,"1,8,1",0.9938136490297845,1.0,0.9999699779837508
3,"1,8,2",0.998096673300698,0.9463174603174602,0.9978860138157708
3,"1,8,3",0.9994605901177546,1.0,0.9994745753999432
3,"1,8,4",0.999858353950592,1.0,0.9997461512524667
3,"1,8,5",0.9999653577736808,1.0,0.9999799036612933
3,"1,8,6",0.9999920732664046,1.0,0.9999903816622588
3,"1,8,7",0.9999982961875022,1.0,0.9999903816622588
3,"1,8,8",0.999999654729228,1.0,0.9999903816622588
3,"1,8,9",0.9999999338188686,1.0,0.9999903816622588
3,"1,8,10",0.9999999879646733,1.0,0.9999903816622588
3,"1,9,0",0.9881010152588425,1.0,0.9999863591324367
3,"1,9,1",0.9959851779143973,1.0,0.9999699779837508
3,"1,9,2",0.9987512612178813,0.9463174603174602,0.9978860138157708
3,"1,9,3",0.9996399168444424,1.0,0.9994745753999432
3,"1,9,4",0.9999032525431693,1.0,0.9997461512524667
3,"1,9,5",0.9999756718439948,1.0,0.9999799036612933
3,"1,9,6",0.9999942518894358,1.0,0.9999903816622588
3,"1,9,7",0.9999987193827973,1.0,0.9999903816622588
3,"1,9,8",0.9999997301201946,1.0,0.9999903816622588
3,"1,9,9",0.9999999460454649,1.0,0.9999903816622588
3,"1,9,10",0.9999999897402876,1.0,0.9999903816622588
3,"1,10,0",0.9922786450033411,1.0,0.9999863591324367
3,"1,10,1",0.9973870491390975,1.0,0.9999699779837508
3,"1,10,2",0.999179728743122,0.9463174603174602,0.9978860138157708
3,"1,10,3",0.9997599544725354,1.0,0.9994745753999432
3,"1,10,4",0.9999342306076071,1.0,0.9997461512524667
3,"1,10,5",0.9999830633137251,1.0,0.9999799036612933
3,"1,10,6",0.9999958864903065,1.0,0.9999903816622588
3,"1,10,7",0.9999990547855254,1.0,0.9999903816622588
3,"1,10,8",0.9999997939339578,1.0,0.9999903816622588
3,"1,10,9",0.9999999572679639,1.0,0.9999903816622588
3,"1,10,10",0.99999999155131,1.0,0.9999903816622588
4,"1,0,0,0",0.09113168076216505,0.09047629608822405,0.09039501505246791
4,"1,0,0,1",0.6384673701721396,0.630735923873408,0.6316218913479432
4,"1,0,0,2",0.9010069217942329,0.9088231627377883,0.9093523395447486
4,"1,0,0,3",0.9791013346678341,0.9831852128435554,0.9795356537987185
4,"1,0,0,4",0.9963508177005025,0.999976076555024,0.9981097748808266
4,"1,0,0,5",0.9994456425220903,1.0,0.9998927660501905
4,"1,0,0,6",0.9999239231562862,1.0,0.9998366079862009
4,"1,0,0,7",0.9999903030846748,1.0,0.9999678847755764
4,"1,0,0,8",0.9999988287607717,1.0,0.9999678847755764
4,"1,0,0,9",0.9999998640108592,1.0,0.9999678847755764
4,"1,0,0,10",0.9999999846670912,1.0,0.9999678847755764
4,"1,0,1,0",0.419996226195512,0.4114917251949104,0.41351136093880125
4,"1,0,1,1",0.7837207828855444,0.7827672819859239,0.7832608033929379
4,"1,0,1,2",0.9378145478119749,0.9286137985949864,0.9285838575411013
4,"1,0,1,3",0.9854415127180796,0.9893494573666795,0.9883415725531196
4,"1,0,1,4",0.9971141905282451,0.9973096472189918,0.9981755166776111
4,"1,0,1,5",0.9995004177140465,0.9999861495844875,0.9998753067942918
4,"1,0,1,6",0.9999224796927568,0.9999861495844875,0.9997997264836561
4,"1,0,1,7",0.9999889781103581,1.0,0.9999670462525656
4,"1,0,1,8",0.9999985374545767,1.0,0.9999670462525656
4,"1,0,1,9",0.9999998161491349,1.0,0.9999670462525656
4,"1,0,1,10",0.9999999778448776,1.0,0.9999670462525656
4,"1,0,2,0",0.6350939114397532,0.6434373922854997,0.6369130003254294
4,"1,0,2,1",0.8672835803108445,0.8711381656137973,0.8748121174113827
4,"1,0,2,2",0.9605424937830445,0.9724411844625478,0.9712204814634827
4,"1,0,2,3",0.9900924384599801,0.9913444762613711,0.9931435887209149
4,"1,0,2,4",0.9978461292512358,0.9997115229546975,0.9991952388185691
4,"1,0,2,5",0.9995863278950579,0.9999180139630991,0.999901796400534
4,"1,0,2,6",0.99992857711857,0.9997671560674771,0.9998129551146716
4,"1,0,2,7",0.9999887399053435,0.999993614303959,0.9999670078808057
4,"1,0,2,8",0.9999983559103709,0.999993614303959,0.9999670078808057
4,"1,0,2,9",0.9999997748236196,0.999993614303959,0.9999670078808057
4,"1,0,2,10",0.9999999707448946,0.999993614303959,0.9999670078808057
4,"1,0,3,0",0.7696281094734071,0.7337041893839843,0.7379024120940649
4,"1,0,3,1",0.9172363206566958,0.8795009810413468,0.8935763510629658
4,"1,0,3,2",0.9747959951742825,0.9998539982030549,0.99254788411941
4,"1,0,3,3",0.9933487575072825,0.9993432905742045,0.99830084687578
4,"1,0,3,4",0.9984522193571561,0.9995800298796665,0.9995105925953692
4,"1,0,3,5",0.999677813673657,0.999830513156723,0.9999300448069843
4,"1,0,3,6",0.9999392656929562,0.9997810676592718,0.9998661848054744
4,"1,0,3,7",0.9999895171398199,0.9999950012496877,0.9999825092424148
4,"1,0,3,8",0.9999983262484471,0.9999950012496877,0.9999825092424148
4,"1,0,3,9",0.9999997503875186,0.9999950012496877,0.9999825092424148
4,"1,0,3,10",0.9999999649115849,0.9999950012496877,0.9999825092424148
4,"1,0,4,0",0.8537091432741953,0.7478011307551821,0.7493656780964021
4,"1,0,4,1",0.9478043832080877,0.9984362934362935,0.9807745704073334
4,"1,0,4,2",0.9838163263219551,0.9993767696267696,0.9977818276617205
4,"1,0,4,3",0.9955686964988831,0.9999506853971115,0.9992332952746642
4,"1,0,4,4",0.9989143801363303,0.9996938906860396,0.9997969760933728
4,"1,0,4,5",0.9997594303842099,0.9992966503403984,0.9993655250907003
4,"1,0,4,6",0.9999513300160909,0.9998318948050405,0.999939748380026
4,"1,0,4,7",0.9999909361757497,1.0,0.9999825092424148
4,"1,0,4,8",0.9999984344594601,1.0,0.9999825092424148
4,"1,0,4,9",0.9999997474114064,1.0,0.9999825092424148
4,"1,0,4,10",0.9999999616694324,1.0,0.9999825092424148
4,"1,0,5,0",0.9065773135142297,0.7786372920396191,0.9985154993843579
4,"1,0,5,1",0.9668071949102028,0.995,0.9970096164841422
4,"1,0,5,2",0.9895633616296762,1.0,0.9996968719189592
4,"1,0,5,3",0.9970599648829691,1.0,0.9998650349070728
4,"1,0,5,4",0.9992503214920692,1.0,0.9999606283674444
4,"1,0,5,5",0.9998254622146953,0.999778401839601,0.9998332033261932
4,"1,0,5,6",0.999962621254062,0.9999757447401193,0.9999670304987476
4,"1,0,5,7",0.9999925884001145,1.0,0.9999825092424148
4,"1,0,5,8",0.9999986313308309,1.0,0.9999825092424148
4,"1,0,5,9",0.9999997633293207,1.0,0.9999825092424148
4,"1,0,5,10",0.9999999614787454,1.0,0.9999825092424148
4,"1,0,6,0",0.9400434840847536,0.7786372920396191,0.9984978763539102
4,"1,0,6,1",0.9787552954160358,0.995,0.9970096164841422
4,"1,0,6,2",0.9932449358196065,1.0,0.9996968719189592
4,"1,0,6,3",0.9980536632831121,1.0,0.9998650349070728
4,"1,0,6,4",0.9994875870004041,1.0,0.9999606283674444
4,"1,0,6,5",0.9998758567528727,0.999778401839601,0.9998332033261932
4,"1,0,6,6",0.9999721516235249,0.9999757447401193,0.9999670304987476
4,"1,0,6,7",0.999994184389911,1.0,0.9999825092424148
4,"1,0,6,8",0.9999988639433164,1.0,0.9999825092424148
4,"1,0,6,9",0.9999997914949195,1.0,0.9999825092424148
4,"1,0,6,10",0.9999999638990155,1.0,0.9999825092424148
4,"1,0,7,0",0.9613574359992307,0.7786372920396191,0.9984978763539102
4,"1,0,7,1",0.9863324721109119,0.995,0.9970096164841422
4,"1,0,7,2",0.9956141478639854,1.0,0.9996968719189592
4,"1,0,7,3",0.9987128854507623,1.0,0.9998650349070728
4,"1,0,7,4",0.9996521736839151,1.0,0.9999606283674444
4,"1,0,7,5",0.9999129280201897,0.999778401839601,0.9998332033261932
4,"1,0,7,6",0.9999797031420056,0.9999757447401193,0.9999670304987476
4,"1,0,7,7",0.9999955740127424,1.0,0.9999825092424148
4,"1,0,7,8",0.9999990934296291,1.0,0.9999825092424148
4,"1,0,7,9",0.9999998249312803,1.0,0.9999825092424148
4,"1,0,7,10",0.9999999680181141,1.0,0.9999825092424148
4,"1,0,8,0",0.9750036236855852,0.7786372920396191,0.9984978763539102
4,"1,0,8,1",0.991170115569702,0.995,0.9970096164841422
4,"1,0,8,2",0.9971447202208954,1.0,0.9996968719189592
4,"1,0,8,3",0.999149183272487,1.0,0.9998650349070728
4,"1,0,8,4",0.9997650201403004,1.0,0.9999606283674444
4,"1,0,8,5",0.9999395440908441,0.999778401839601,0.9998332033261932
4,"1,0,8,6",0.9999854451428868,0.9999757447401193,0.9999670304987476
4,"1,0,8,7",0.9999967079361387,1.0,0.9999825092424148
4,"1,0,8,8",0.9999992979513651,1.0,0.9999825092424148
4,"1,0,8,9",0.9999998583878971,1.0,0.9999825092424148
4,"1,0,8,10",0.9999999729018829,1.0,0.9999825092424148
4,"1,0,9,0",0.9837800422523162,0.7786372920396191,0.9984978763539102
4,"1,0,9,1",0.9942754368766596,0.995,0.9970096164841422
4,"1,0,9,2",0.9981367889611468,1.0,0.9996968719189592
4,"1,0,9,3",0.9994376018462101,1.0,0.9998650349070728
4,"1,0,9,4",0.9998417887910719,1.0,0.9999606283674444
4,"1,0,9,5",0.9999583373400728,0.999778401839601,0.9998332033261932
4,"1,0,9,6",0.9999896897529993,0.9999757447401193,0.9999670304987476
4,"1,0,9,7",0.9999975938600321,1.0,0.9999825092424148
4,"1,0,9,8",0.9999994687888281,1.0,0.9999825092424148
4,"1,0,9,9",0.9999998887391329,1.0,0.9999825092424148
4,"1,0,9,10",0.9999999778348594,1.0,0.9999825092424148
4,"1,0,10,0",0.9894463546142053,0.7786372920396191,0.9984978763539102
4,"1,0,10,1",0.9962776330943027,0.995,0.9970096164841422
4,"1,0,10,2",0.9987816577875873,1.0,0.9996968719189592
4,"1,0,10,3",0.999628172108916,1.0,0.9998650349070728
4,"1,0,10,4",0.9998937331586624,1.0,0.9999606283674444
4,"1,0,10,5",0.9999714504471666,0.999778401839601,0.9998332033261932
4,"1,0,10,6",0.9999927650089793,0.9999757447401193,0.9999670304987476
4,"1,0,10,7",0.9999982651689894,1.0,0.9999825092424148
4,"1,0,10,8",0.9999996052956277,1.0,0.9999825092424148
4,"1,0,10,9",0.9999999145747716,1.0,0.9999825092424148
4,"1,0,10,10",0.9999999823718269,1.0,0.9999825092424148
4,"1,1,0,0",0.2420277714865466,0.2525885964014789,0.25029657590543236
4,"1,1,0,1",0.655830811855257,0.6632521108648143,0.6619639169191108
4,"1,1,0,2",0.8782150760467218,0.8987404706648549,0.895276001029933
4,"1,1,0,3",0.9648027287438816,0.9629295007740706,0.9648476196566548
4,"1,1,0,4",0.9914108603671171,0.9998902609374763,0.9962767920596984
4,"1,1,0,5",0.9981847469669811,0.9999529107718036,0.9997987024975755
4,"1,1,0,6",0.9996607680572346,0.9998292943235915,0.9993728859615063
4,"1,1,0,7",0.9999429239113584,1.0,0.9999659223948502
4,"1,1,0,8",0.9999912133821116,1.0,0.9999659223948502
4,"1,1,0,9",0.9999987442135607,1.0,0.9999659223948502
4,"1,1,0,10",0.9999998312120104,1.0,0.9999659223948502
4,"1,1,1,0",0.4937244570373396,0.4704288499716372,0.46915291843951373
4,"1,1,1,1",0.783850262521267,0.7822596830911418,0.7814771625194623
4,"1,1,1,2",0.9240825296124858,0.9169816621241992,0.9175504117428323
4,"1,1,1,3",0.9774110004464351,0.9798682626551097,0.9821373341241915
4,"1,1,1,4",0.9941772705548444,0.9958197013457815,0.9969707412853255
4,"1,1,1,5",0.9986765617748188,0.9998729755817455,0.999661068372013
4,"1,1,1,6",0.9997308716171662,0.9996521367386447,0.9988873163040016
4,"1,1,1,7",0.9999504128813941,0.9999831791421363,0.9999720351481675
4,"1,1,1,8",0.9999916270795495,0.9999831791421363,0.9999720351481675
4,"1,1,1,9",0.9999986905527065,0.9999831791421363,0.9999720351481675
4,"1,1,1,10",0.9999998084260648,0.9999831791421363,0.9999720351481675
4,"1,1,2,0",0.6673846775567621,0.6469099848513059,0.6500495977829863
4,"1,1,2,1",0.8632252578374594,0.8827571105782043,0.8792271897824414
4,"1,1,2,2",0.9521294188162203,0.944645715269686,0.9462918289261056
4,"1,1,2,3",0.9854460047059757,0.9929340688242564,0.9889210539021555
4,"1,1,2,4",0.9960934049124357,0.9973464797142287,0.9976856596427638
4,"1,1,2,5",0.9990619010576298,0.9994082369812479,0.9995388516042579
4,"1,1,2,6",0.9997962449688615,0.9984844279298477,0.9981365090238489
4,"1,1,2,7",0.9999595908735024,0.9999302104007838,0.9999583877797104
4,"1,1,2,8",0.999992620742138,0.9999302104007838,0.9999583877797104
4,"1,1,2,9",0.9999987495215459,0.9999302104007838,0.9999583877797104
4,"1,1,2,10",0.9999998019065951,0.9999302104007838,0.9999583877797104
4,"1,1,3,0",0.7827036743633401,0.8370296752932913,0.8410192919326679
4,"1,1,3,1",0.9128769869922619,0.8945190078217626,0.895274071877127
4,"1,1,3,2",0.969559254771766,0.978098933234343,0.9758186320750822
4,"1,1,3,3",0.990590290992545,0.9936440568396382,0.995082864630142
4,"1,1,3,4",0.9973945248586726,0.9973495133654446,0.9984219364809669
4,"1,1,3,5",0.99934706158977,0.9991759119955458,0.9996516898694998
4,"1,1,3,6",0.9998506110240233,0.9987365247993162,0.9985860203689587
4,"1,1,3,7",0.9999685599976867,0.9999101346026978,0.9999766098100834
4,"1,1,3,8",0.9999938732430573,0.9999101346026978,0.9999766098100834
4,"1,1,3,9",0.9999988878663952,0.9999101346026978,0.9999766098100834
4,"1,1,3,10",0.9999998109043043,0.9999101346026978,0.9999766098100834
4,"1,1,4,0",0.8582587816017794,0.8107712842712843,0.7945054914337205
4,"1,1,4,1",0.9441939762372571,0.8777886988919444,0.9005760028284359
4,"1,1,4,2",0.9805168170575418,0.9721779275410788,0.9767546025179412
4,"1,1,4,3",0.9938974824886407,0.9994226352537098,0.9960426615299703
4,"1,1,4,4",0.9982681862306578,0.9988430263900885,0.998832283710113
4,"1,1,4,5",0.999550986500551,0.9978774222939303,0.9968473723460776
4,"1,1,4,6",0.9998928762724171,0.9993625778773999,0.9995142008223337
4,"1,1,4,7",0.999976337151739,0.9999522359088637,0.9999766098100834
4,"1,1,4,8",0.9999951340872497,0.9999522359088637,0.9999766098100834
4,"1,1,4,9",0.9999990639707235,0.9999522359088637,0.9999766098100834
4,"1,1,4,10",0.9999998308103404,0.9999522359088637,0.9999766098100834
4,"1,1,5,0",0.9075264605660677,0.9863636363636362,0.998816136777759
4,"1,1,5,1",0.9640864436112675,0.9941472868217054,0.9849209263714369
4,"1,1,5,2",0.9874654758784661,0.9979554091996765,0.9975221682879476
4,"1,1,5,3",0.9960315107008829,0.9999057587115974,0.9994943912048597
4,"1,1,5,4",0.9988510818941433,0.9995812107934803,0.9998345937027859
4,"1,1,5,5",0.9996937361528627,0.9990105806760613,0.9992748159243807
4,"1,1,5,6",0.9999243787358106,0.99968341432272,0.9997948537271975
4,"1,1,5,7",0.9999826137595486,1.0,0.9999766098100834
4,"1,1,5,8",0.9999962607391439,1.0,0.9999766098100834
4,"1,1,5,9",0.9999992446068956,1.0,0.9999766098100834
4,"1,1,5,10",0.9999998561247282,1.0,0.9999766098100834
4,"1,1,6,0",0.9396137127352018,0.9863636363636362,0.9988020784381493
4,"1,1,6,1",0.9767968553372647,0.9941472868217054,0.9849209263714369
4,"1,1,6,2",0.991901826169676,0.9979554091996765,0.9975221682879476
4,"1,1,6,3",0.9974130586916917,0.9999057587115974,0.9994943912048597
4,"1,1,6,4",0.9992385569115253,0.9995812107934803,0.9998345937027859
4,"1,1,6,5",0.9997922871894188,0.9990105806760613,0.9992748159243807
4,"1,1,6,6",0.9999472189957511,0.99968341432272,0.9997948537271975
4,"1,1,6,7",0.9999874502846937,1.0,0.9999766098100834
4,"1,1,6,8",0.9999971967166366,1.0,0.9999766098100834
4,"1,1,6,9",0.9999994096227047,1.0,0.9999766098100834
4,"1,1,6,10",0.9999998823956125,1.0,0.9999766098100834
4,"1,1,7,0",0.9605186396063092,0.9863636363636362,0.9988020784381493
4,"1,1,7,1",0.9849584871281599,0.9941472868217054,0.9849209263714369
4,"1,1,7,2",0.9947496128566907,0.9979554091996765,0.9975221682879476
4,"1,1,7,3",0.9983100529892973,0.9999057587115974,0.9994943912048597
4,"1,1,7,4",0.999495591387746,0.9995812107934803,0.9998345937027859
4,"1,1,7,5",0.999859693890443,0.9990105806760613,0.9992748159243807
4,"1,1,7,6",0.999963468637649,0.99968341432272,0.9997948537271975
4,"1,1,7,7",0.9999910617883758,1.0,0.9999766098100834
4,"1,1,7,8",0.9999979377001859,1.0,0.9999766098100834
4,"1,1,7,9",0.9999995498707012,1.0,0.9999766098100834
4,"1,1,7,10",0.9999999067938075,1.0,0.9999766098100834
4,"1,1,8,0",0.974152226247541,0.9863636363636362,0.9988020784381493
4,"1,1,8,1",0.9902211546609184,0.9941472868217054,0.9849209263714369
4,"1,1,8,2",0.9965858216415703,0.9979554091996765,0.9975221682879476
4,"1,1,8,3",0.998893932611094,0.9999057587115974,0.9994943912048597
4,"1,1,8,4",0.9996659042002336,0.9995812107934803,0.9998345937027859
4,"1,1,8,5",0.999905502340732,0.9990105806760613,0.9992748159243807
4,"1,1,8,6",0.9999748754226433,0.99968341432272,0.9997948537271975
4,"1,1,8,7",0.999993699151988,1.0,0.9999766098100834
4,"1,1,8,8",0.9999985049083133,1.0,0.9999766098100834
4,"1,1,8,9",0.9999996633934367,1.0,0.9999766098100834
4,"1,1,8,10",0.9999999279109691,1.0,0.9999766098100834
4,"1,1,9,0",0.9830553500402874,0.9863636363636362,0.9988020784381493
4,"1,1,9,1",0.9936266319974053,0.9941472868217054,0.9849209263714369
4,"1,1,9,2",0.9977741893208805,0.9979554091996765,0.9975221682879476
4,"1,1,9,3",0.9992748568934481,0.9999057587115974,0.9994943912048597
4,"1,1,9,4",0.9997786929229336,0.9995812107934803,0.9998345937027859
4,"1,1,9,5",0.9999364910225104,0.9990105806760613,0.9992748159243807
4,"1,1,9,6",0.9999828046334116,0.99968341432272,0.9997948537271975
4,"1,1,9,7",0.9999955939483302,1.0,0.9999766098100834
4,"1,1,9,8",0.9999989286036386,1.0,0.9999766098100834
4,"1,1,9,9",0.9999997521409498,1.0,0.9999766098100834
4,"1,1,9,10",0.9999999453223805,1.0,0.9999766098100834
4,"1,1,10,0",0.9888775387802751,0.9863636363636362,0.9988020784381493
4,"1,1,10,1",0.9958370626609709,0.9941472868217054,0.9849209263714369
4,"1,1,10,2",0.9985457104976937,0.9979554091996765,0.9975221682879476
4,"1,1,10,3",0.9995238719651023,0.9999057587115974,0.9994943912048597
4,"1,1,10,4",0.9998533731534431,0.9995812107934803,0.9998345937027859
4,"1,1,10,5",0.9999573852270076,0.9990105806760613,0.9992748159243807
4,"1,1,10,6",0.9999882762257233,0.99968341432272,0.9997948537271975
4,"1,1,10,7",0.9999969386081297,1.0,0.9999766098100834
4,"1,1,10,8",0.9999992393364072,1.0,0.9999766098100834
4,"1,1,10,9",0.999999819750726,1.0,0.9999766098100834
4,"1,1,10,10",0.9999999591808074,1.0,0.9999766098100834
4,"1,2,0,0",0.3505823048534419,0.3514809929538876,0.3563562648273229
4,"1,2,0,1",0.6837232479043995,0.6567218490189274,0.6613215197283279
4,"1,2,0,2",0.8723973035094125,0.9117982610230274,0.9127509959727568
4,"1,2,0,3",0.95621035289396,0.9674216086523418,0.9644415348040652
4,"1,2,0,4",0.9869514778311956,0.9673925332872557,0.9788516781008223
4,"1,2,0,5",0.9965679803200377,0.9996297870364254,0.9995323752342894
4,"1,2,0,6",0.9991925367624068,0.9993516318999742,0.9965298500806938
4,"1,2,0,7",0.9998281645733451,0.9996846846846847,0.9997754344608054
4,"1,2,0,8",0.9999666041869233,0.9996846846846847,0.9997754344608054
4,"1,2,0,9",0.9999940213884566,0.9996846846846847,0.9997754344608054
4,"1,2,0,10",0.9999990061721166,0.9996846846846847,0.9997754344608054
4,"1,2,1,0",0.5541542004570638,0.6590561802625587,0.6597469467763534
4,"1,2,1,1",0.7943527917221379,0.8099341727817947,0.8088422722255821
4,"1,2,1,2",0.9189081542599256,0.9466027384104875,0.9416118619563407
4,"1,2,1,3",0.9721462640420383,0.9953646558489249,0.9851095403951242
4,"1,2,1,4",0.9915381908546752,0.9996996852258523,0.9972627493748004
4,"1,2,1,5",0.9976977673417938,0.9995177778781248,0.9994971106930288
4,"1,2,1,6",0.999433165334624,0.9912195567131158,0.99479772746294
4,"1,2,1,7",0.9998725913771531,0.9990995232759292,0.9998441139122654
4,"1,2,1,8",0.9999736570444885,0.9990995232759292,0.9998441139122654
4,"1,2,1,9",0.9999949561688921,0.9990995232759292,0.9998441139122654
4,"1,2,1,10",0.9999991002233071,0.9990995232759292,0.9998441139122654
4,"1,2,2,0",0.6988599921408873,0.6779884605477128,0.696529831454726
4,"1,2,2,1",0.8663406729174037,0.9092122445222607,0.9076887671230636
4,"1,2,2,2",0.9481474034789446,0.9468138893754049,0.9401628388626516
4,"1,2,2,3",0.9821679904272292,0.9543298282877778,0.9723105980633022
4,"1,2,2,4",0.9944994370580105,0.9996466328323419,0.998699120017048
4,"1,2,2,5",0.99846293868462,0.9999222462180575,0.9997439620215067
4,"1,2,2,6",0.999607630937232,0.9995667391108216,0.9991268761176896
4,"1,2,2,7",0.9999078415029213,0.9999967298888163,0.9999745952370995
4,"1,2,2,8",0.9999799591852454,0.9999967298888163,0.9999745952370995
4,"1,2,2,9",0.9999959429163461,0.9999967298888163,0.9999745952370995
4,"1,2,2,10",0.9999992316351255,0.9999967298888163,0.9999745952370995
4,"1,2,3,0",0.7983821684511347,1.0,0.9860579003850662
4,"1,2,3,1",0.9130465628385022,0.96635863800407,0.9519968820032386
4,"1,2,3,2",0.9666755556369144,0.9677746831903946,0.9767516283082173
4,"1,2,3,3",0.9885251400187595,0.9991529714673237,0.9908104743081133
4,"1,2,3,4",0.9964163267620869,0.9998272640522501,0.9993834086648946
4,"1,2,3,5",0.998976698206712,0.9998984770737916,0.9998655628055451
4,"1,2,3,6",0.9997309808749488,0.9998944993452631,0.9995394663775197
4,"1,2,3,7",0.999934494829882,0.9999840510366826,0.9999900729926436
4,"1,2,3,8",0.999985148792321,0.9999840510366826,0.9999900729926436
4,"1,2,3,9",0.9999968503987309,0.9999840510366826,0.9999900729926436
4,"1,2,3,10",0.9999993725819898,0.9999840510366826,0.9999900729926436
4,"1,2,4,0",0.8656832597697158,0.9840833333333334,0.9980766729752073
4,"1,2,4,1",0.9433484712471885,0.9979842657175867,0.9700700877784708
4,"1,2,4,2",0.9784927305812434,0.9640003676728732,0.977562538816565
4,"1,2,4,3",0.9925849476144954,0.9986298435981652,0.9926820317641207
4,"1,2,4,4",0.997660373978748,0.9998116151535544,0.9995490698067931
4,"1,2,4,5",0.9993198759714595,0.9997268544825301,0.999738791490798
4,"1,2,4,6",0.9998167800519822,0.999944587044792,0.9998418741575806
4,"1,2,4,7",0.9999540250480625,0.9999940179461615,0.9999900729926436
4,"1,2,4,8",0.9999892057398237,0.9999940179461615,0.9999900729926436
4,"1,2,4,9",0.999997619172903,0.9999940179461615,0.9999900729926436
4,"1,2,4,10",0.9999995049096891,0.9999940179461615,0.9999900729926436
4,"1,2,5,0",0.9107738035019649,1.0,0.9995121840421697
4,"1,2,5,1",0.9630303885767787,0.7024736842105263,0.7199154321397645
4,"1,2,5,2",0.9860700309952332,0.998939028487772,0.9973450301644979
4,"1,2,5,3",0.9951916499957361,0.9996501121544746,0.9990622611368922
4,"1,2,5,4",0.9984696907503805,0.9999488645783461,0.9999361596809921
4,"1,2,5,5",0.999548398089498,0.9999901681298843,0.9999400440198091
4,"1,2,5,6",0.9998758089203577,0.9999829583245492,0.9999332323752803
4,"1,2,5,7",0.9999680331943634,1.0,0.9999900729926436
4,"1,2,5,8",0.9999922680878561,1.0,0.9999900729926436
4,"1,2,5,9",0.9999982364899959,1.0,0.9999900729926436
4,"1,2,5,10",0.9999996195097666,1.0,0.9999900729926436
4,"1,2,6,0",0.9408229689211083,1.0,0.9995063871577555
4,"1,2,6,1",0.9758349104021138,0.7024736842105263,0.7199154321397645
4,"1,2,6,2",0.9909503670711652,0.998939028487772,0.9973450301644979
4,"1,2,6,3",0.9968727683180032,0.9996501121544746,0.9990622611368922
4,"1,2,6,4",0.9989973496205062,0.9999488645783461,0.9999361596809921
4,"1,2,6,5",0.9997002875789185,0.9999901681298843,0.9999400440198091
4,"1,2,6,6",0.9999161123145459,0.9999829583245492,0.9999332323752803
4,"1,2,6,7",0.9999779300449142,1.0,0.9999900729926436
4,"1,2,6,8",0.9999945233786363,1.0,0.9999900729926436
4,"1,2,6,9",0.9999987141781745,1.0,0.9999900729926436
4,"1,2,6,10",0.9999997135654959,1.0,0.9999900729926436
4,"1,2,7,0",0.9607861967190997,1.0,0.9995063871577555
4,"1,2,7,1",0.984179741932459,0.7024736842105263,0.7199154321397645
4,"1,2,7,2",0.9941055042519028,0.998939028487772,0.9973450301644979
4,"1,2,7,3",0.997960968586844,0.9996501121544746,0.9990622611368922
4,"1,2,7,4",0.9993420582695678,0.9999488645783461,0.9999361596809921
4,"1,2,7,5",0.9998011327152919,0.9999901681298843,0.9999400440198091
4,"1,2,7,6",0.9999434817726243,0.9999829583245492,0.9999332323752803
4,"1,2,7,7",0.9999848457362615,1.0,0.9999900729926436
4,"1,2,7,8",0.999996154698763,1.0,0.9999900729926436
4,"1,2,7,9",0.9999990740705339,1.0,0.9999900729926436
4,"1,2,7,10",0.9999997878852643,1.0,0.9999900729926436
4,"1,2,8,0",0.9740251187398682,1.0,0.9995063871577555
4,"1,2,8,1",0.9896276009031614,0.7024736842105263,0.7199154321397645
4,"1,2,8,2",0.9961518622478632,0.998939028487772,0.9973450301644979
4,"1,2,8,3",0.9986675768079215,0.9996501121544746,0.9990622611368922
4,"1,2,8,4",0.999567654871156,0.9999488645783461,0.9999361596809921
4,"1,2,8,5",0.9998680480621949,0.9999901681298843,0.9999400440198091
4,"1,2,8,6",0.9999619949166434,0.9999829583245492,0.9999332323752803
4,"1,2,8,7",0.9999896386847142,1.0,0.9999900729926436
4,"1,2,8,8",0.9999973188489629,1.0,0.9999900729926436
4,"1,2,8,9",0.9999993398529412,1.0,0.9999900729926436
4,"1,2,8,10",0.9999998449900594,1.0,0.9999900729926436
4,"1,2,9,0",0.9827961129876527,1.0,0.9995063871577555
4,"1,2,9,1",0.9931901046713314,0.7024736842105263,0.7199154321397645
4,"1,2,9,2",0.997482771793061,0.998939028487772,0.9973450301644979
4,"1,2,9,3",0.9991276378517859,0.9996501121544746,0.9990622611368922
4,"1,2,9,4",0.9997155383186183,0.9999488645783461,0.9999361596809921
4,"1,2,9,5",0.9999124376081452,0.9999901681298843,0.9999400440198091
4,"1,2,9,6",0.9999744810930011,0.9999829583245492,0.9999332323752803
4,"1,2,9,7",0.9999929396659715,1.0,0.9999900729926436
4,"1,2,9,8",0.9999981410276474,1.0,0.9999900729926436
4,"1,2,9,9",0.9999995331468826,1.0,0.9999900729926436
4,"1,2,9,10",0.9999998879422197,1.0,0.9999900729926436
4,"1,2,10,0",0.9886042950292288,1.0,0.9995063871577555
4,"1,2,10,1",0.9955233551430542,0.7024736842105263,0.7199154321397645
4,"1,2,10,2",0.9983504598800618,0.998939028487772,0.9973450301644979
4,"1,2,10,3",0.9994278753760327,0.9996501121544746,0.9990622611368922
4,"1,2,10,4",0.9998126220970491,0.9999488645783461,0.9999361596809921
4,"1,2,10,5",0.9999418826881539,0.9999901681298843,0.9999400440198091
4,"1,2,10,6",0.9999828840381568,0.9999829583245492,0.9999332323752803
4,"1,2,10,7",0.9999952020395398,1.0,0.9999900729926436
4,"1,2,10,8",0.9999987169756739,1.0,0.9999900729926436
4,"1,2,10,9",0.9999996720397488,1.0,0.9999900729926436
4,"1,2,10,10",0.9999999197155983,1.0,0.9999900729926436
4,"1,3,0,0",0.43508430148596455,0.24411655011655012,0.2491657683113392
4,"1,3,0,1",0.7123002004385112,0.8072099492354912,0.7810822250858251
4,"1,3,0,2",0.87415377171855,0.8746998140748136,0.9113075399549444
4,"1,3,0,3",0.951907277501148,1.0,0.9940210518846058
4,"1,3,0,4",0.9837129298972075,0.999738567411933,0.9954881455848081
4,"1,3,0,5",0.9950535754285891,0.9999000573066956,0.9998798700495448
4,"1,3,0,6",0.9986393320973974,0.9996669472152895,0.999101251227619
4,"1,3,0,7",0.9996581094315811,1.0,0.9999419807929139
4,"1,3,0,8",0.9999209630300792,1.0,0.9999419807929139
4,"1,3,0,9",0.9999830838748189,1.0,0.9999419807929139
4,"1,3,0,10",0.9999966294620398,1.0,0.9999419807929139
4,"1,3,1,0",0.6048407944366179,0.3258752636252635,0.33600510523534416
4,"1,3,1,1",0.8081780124782497,0.8439091729713603,0.8545081067492232
4,"1,3,1,2",0.9183527880149875,0.9592656805838695,0.9453949396360886
4,"1,3,1,3",0.9691284126333222,0.9998830409356725,0.9956444519342991
4,"1,3,1,4",0.9895145857328914,0.9998987469446342,0.9989028833874982
4,"1,3,1,5",0.9967704796414819,0.9998748683898191,0.9997984745981943
4,"1,3,1,6",0.9990906456339985,0.9986892631254659,0.9978966006213483
4,"1,3,1,7",0.999764281193814,0.9999366431441921,0.9999371599451236
4,"1,3,1,8",0.9999434098861414,0.9999366431441921,0.9999371599451236
4,"1,3,1,9",0.9999873508243099,0.9999366431441921,0.9999371599451236
4,"1,3,1,10",0.9999973552591999,0.9999366431441921,0.9999371599451236
4,"1,3,2,0",0.7278191095722235,0.7361145243645241,0.7080318142747704
4,"1,3,2,1",0.8726391310180467,0.9418388536798306,0.919237057649031
4,"1,3,2,2",0.9469222176421215,0.9438410634571882,0.9471264570529455
4,"1,3,2,3",0.9800943927818156,0.9979179471076475,0.9924297166095404
4,"1,3,2,4",0.9932217490328745,0.9997300866641947,0.9994595878504945
4,"1,3,2,5",0.9978879331701473,0.9999357647002616,0.9998935786924513
4,"1,3,2,6",0.9993937307201923,0.9995802575930257,0.9996347357307651
4,"1,3,2,7",0.9998387369910511,0.9999967298888163,0.9999893769313477
4,"1,3,2,8",0.9999600475366902,0.9999967298888163,0.9999893769313477
4,"1,3,2,9",0.9999907390156153,0.9999967298888163,0.9999893769313477
4,"1,3,2,10",0.9999979833922132,0.9999967298888163,0.9999893769313477
4,"1,3,3,0",0.8143789895956621,0.5217380952380952,0.4822843400726492
4,"1,3,3,1",0.915630212758656,0.7864653362782651,0.8667125952853023
4,"1,3,3,2",0.9654249135863349,0.9901925388377942,0.9592978443087414
4,"1,3,3,3",0.9871171656810415,0.9634354164469618,0.9710265451430761
4,"1,3,3,4",0.9956031566199562,0.9997674841500007,0.9993129116690584
4,"1,3,3,5",0.9986165501937412,0.9998605257215775,0.9998570417113972
4,"1,3,3,6",0.9995964054185034,0.9998276961779475,0.9995394663775197
4,"1,3,3,7",0.9998902867908259,0.9999650959860383,0.9999900729926436
4,"1,3,3,8",0.9999720857521336,0.9999650959860383,0.9999900729926436
4,"1,3,3,9",0.9999933264739608,0.9999650959860383,0.9999900729926436
4,"1,3,3,10",0.9999984955581522,0.9999650959860383,0.9999900729926436
4,"1,3,4,0",0.8742494318773832,0.6120714285714285,0.9298249024095456
4,"1,3,4,1",0.9441749278675711,1.0,0.9681860722164567
4,"1,3,4,2",0.9774340893767595,0.9910341058299863,0.9751829775608014
4,"1,3,4,3",0.9916358736929727,0.9195572415114134,0.9678755994035703
4,"1,3,4,4",0.9971395946696296,0.9997658942857468,0.9992969050342775
4,"1,3,4,5",0.9990924744621349,0.9997029621647576,0.9997222374246394
4,"1,3,4,6",0.9997315720000277,0.9998661689709685,0.9998418741575806
4,"1,3,4,7",0.9999256616628268,0.9999634479890092,0.9999900729926436
4,"1,3,4,8",0.9999806496034919,0.9999634479890092,0.9999900729926436
4,"1,3,4,9",0.9999952492676646,0.9999634479890092,0.9999900729926436
4,"1,3,4,10",0.999998896489564,0.9999634479890092,0.9999900729926436
4,"1,3,5,0",0.9151975995585458,0.6509047619047618,0.9888259473758377
4,"1,3,5,1",0.9630812353179277,0.9328333333333332,0.9506583994073387
4,"1,3,5,2",0.985245529621156,0.9998529411764706,0.9983873077383367
4,"1,3,5,3",0.9945548697264424,0.9926654279267072,0.9976925880941262
4,"1,3,5,4",0.9981344850837564,0.99995581626413,0.999906834865007
4,"1,3,5,5",0.9994038635849036,1.0,0.9999400440198091
4,"1,3,5,6",0.9998215644158872,0.9999927901946647,0.9999332323752803
4,"1,3,5,7",0.9999497833501737,1.0,0.9999900729926436
4,"1,3,5,8",0.9999866672462873,1.0,0.9999900729926436
4,"1,3,5,9",0.9999966501244062,1.0,0.9999900729926436
4,"1,3,5,10",0.9999992013082877,1.0,0.9999900729926436
4,"1,3,6,0",0.9429948081980294,0.6509047619047618,0.9886945986277226
4,"1,3,6,1",0.9755874304409542,0.9328333333333332,0.9506583994073387
4,"1,3,6,2",0.9903369688752189,0.9998529411764706,0.9983873077383367
4,"1,3,6,3",0.9964468115124175,0.9926654279267072,0.9976925880941262
4,"1,3,6,4",0.9987806968318014,0.99995581626413,0.999906834865007
4,"1,3,6,5",0.9996079178384593,1.0,0.9999400440198091
4,"1,3,6,6",0.999881417832159,0.9999927901946647,0.9999332323752803
4,"1,3,6,7",0.9999661556415537,1.0,0.9999900729926436
4,"1,3,6,8",0.9999908570307564,1.0,0.9999900729926436
4,"1,3,6,9",0.9999976557146142,1.0,0.9999900729926436
4,"1,3,6,10",0.9999994280769742,1.0,0.9999900729926436
4,"1,3,7,0",0.9617676595401159,0.6509047619047618,0.9886945986277226
4,"1,3,7,1",0.983855118537362,0.9328333333333332,0.9506583994073387
4,"1,3,7,2",0.9936618623571896,0.9998529411764706,0.9983873077383367
4,"1,3,7,3",0.9976766038703856,0.9926654279267072,0.9976925880941262
4,"1,3,7,4",0.999201544756733,0.99995581626413,0.999906834865007
4,"1,3,7,5",0.9997418277240222,1.0,0.9999400440198091
4,"1,3,7,6",0.9999212013977357,0.9999927901946647,0.9999332323752803
4,"1,3,7,7",0.9999772299427468,1.0,0.9999900729926436
4,"1,3,7,8",0.999993753784718,1.0,0.9999900729926436
4,"1,3,7,9",0.9999983694104196,1.0,0.9999900729926436
4,"1,3,7,10",0.9999995940019715,1.0,0.9999900729926436
4,"1,3,8,0",0.9744001405351618,0.6509047619047618,0.9886945986277226
4,"1,3,8,1",0.9893198596970436,0.9328333333333332,0.9506583994073387
4,"1,3,8,2",0.9958369442850009,0.9998529411764706,0.9983873077383367
4,"1,3,8,3",0.9984779869128179,0.9926654279267072,0.9976925880941262
4,"1,3,8,4",0.9994762550525844,0.99995581626413,0.999906834865007
4,"1,3,8,5",0.9998298220257601,1.0,0.9999400440198091
4,"1,3,8,6",0.999947636144702,0.9999927901946647,0.9999332323752803
4,"1,3,8,7",0.9999847012330743,1.0,0.9999900729926436
4,"1,3,8,8",0.9999957456744997,1.0,0.9999900729926436
4,"1,3,8,9",0.9999988714537098,1.0,0.9999900729926436
4,"1,3,8,10",0.9999997138400014,1.0,0.9999900729926436
4,"1,3,9,0",0.9828788200719223,0.6509047619047618,0.9886945986277226
4,"1,3,9,1",0.992932274257508,0.9328333333333332,0.9506583994073387
4,"1,3,9,2",0.9972621238444649,0.9998529411764706,0.9983873077383367
4,"1,3,9,3",0.999001343588978,0.9926654279267072,0.9976925880941262
4,"1,3,9,4",0.9996559355056521,0.99995581626413,0.999906834865007
4,"1,3,9,5",0.9998877148868655,1.0,0.9999400440198091
4,"1,3,9,6",0.9999651987406115,0.9999927901946647,0.9999332323752803
4,"1,3,9,7",0.9999897317724069,1.0,0.9999900729926436
4,"1,3,9,8",0.999997109478323,1.0,0.9999900729926436
4,"1,3,9,9",0.9999992221180208,1.0,0.9999900729926436
4,"1,3,9,10",0.9999997994990651,1.0,0.9999900729926436
4,"1,3,10,0",0.9885590142526501,0.6509047619047618,0.9886945986277226
4,"1,3,10,1",0.9953208563560904,0.9328333333333333,0.9506583994073387
4,"1,3,10,2",0.9981973134564668,0.9998529411764706,0.9983873077383367
4,"1,3,10,3",0.9993437903233245,0.9926654279267072,0.9976925880941262
4,"1,3,10,4",0.9997736693035458,0.99995581626413,0.999906834865007
4,"1,3,10,5",0.9999258461883437,1.0,0.9999400440198091
4,"1,3,10,6",0.9999768669231107,0.9999927901946647,0.9999332323752803
4,"1,3,10,7",0.999993113753932,1.0,0.9999900729926436
4,"1,3,10,8",0.9999980400416436,1.0,0.9999900729926436
4,"1,3,10,9",0.9999994656494753,1.0,0.9999900729926436
4,"1,3,10,10",0.9999998602148035,1.0,0.9999900729926436
4,"1,4,0,0",0.5037393217373355,0.259960705960706,0.26885510362895315
4,"1,4,0,1",0.7391528437374525,0.9706282540988425,0.9990589758334645
4,"1,4,0,2",0.8793761960010568,0.9945454545454545,0.9940067300098894
4,"1,4,0,3",0.9503377853166249,1.0,0.9985983613196192
4,"1,4,0,4",0.98160500238567,0.999738567411933,0.9985147588552128
4,"1,4,0,5",0.9938144566520186,0.9999000573066956,0.9999315375424557
4,"1,4,0,6",0.9980969562011848,0.9996669472152895,0.9995252873951336
4,"1,4,0,7",0.9994606801201735,1.0,0.9999477306322974
4,"1,4,0,8",0.9998583801796456,1.0,0.9999477306322974
4,"1,4,0,9",0.9999653648257826,1.0,0.9999477306322974
4,"1,4,0,10",0.999992075026314,1.0,0.9999477306322974
4,"1,4,1,0",0.6480571753318672,0.3519585969585969,0.4086634232645154
4,"1,4,1,1",0.8227574570324352,0.9881809194609044,0.9938669179892297
4,"1,4,1,2",0.9203108855452313,0.9916942644244046,0.9884601654602931
4,"1,4,1,3",0.9677050941392917,1.0,0.9982772107353989
4,"1,4,1,4",0.9881023651469772,0.9998987469446342,0.9996000494193487
4,"1,4,1,5",0.9959856988647865,0.9998748683898191,0.9998725130760919
4,"1,4,1,6",0.998751443796239,0.9986892631254659,0.9987662270145952
4,"1,4,1,7",0.99963997545604,0.9999366431441921,0.9999371599451236
4,"1,4,1,8",0.9999032699015048,0.9999366431441921,0.9999371599451236
4,"1,4,1,9",0.9999756766155254,0.9999366431441921,0.9999371599451236
4,"1,4,1,10",0.9999942531131893,0.9999366431441921,0.9999371599451236
4,"1,4,2,0",0.7539896667771475,0.7448288100788097,0.768286696851993
4,"1,4,2,1",0.8802958655910894,0.9828878437924878,0.9916674655023247
4,"1,4,2,2",0.947392477811814,0.986544867021511,0.9888457999050235
4,"1,4,2,3",0.9789522755103819,0.9988594417937067,0.9970007755843008
4,"1,4,2,4",0.9922795260375536,0.989740956229412,0.9998031137035673
4,"1,4,2,5",0.9973873864227835,0.9999357647002616,0.9999326961561839
4,"1,4,2,6",0.999179847005961,0.9995802575930257,0.9997858884755355
4,"1,4,2,7",0.9997599927259648,0.9999967298888163,0.9999893769313477
4,"1,4,2,8",0.9999342420918611,0.9999967298888163,0.9999893769313477
4,"1,4,2,9",0.9999830665304358,0.9999967298888163,0.9999893769313477
4,"1,4,2,10",0.9999958873347419,0.9999967298888163,0.9999893769313477
4,"1,4,3,0",0.8297896267623602,0.5292380952380952,0.5291059058931026
4,"1,4,3,1",0.9194881406437407,0.871218253968254,0.9005412320040683
4,"1,4,3,2",0.9652766949037581,0.620292628539892,0.5648082374004533
4,"1,4,3,3",0.986254740278375,0.984429084885515,0.9754235411876679
4,"1,4,3,4",0.9949760752022698,0.9998441125024913,0.9996824597594907
4,"1,4,3,5",0.9982954841035594,0.9999371540740678,0.9999095879219703
4,"1,4,3,6",0.9994606310981091,0.999904324530438,0.9997300326002467
4,"1,4,3,7",0.9998401412875335,0.9999650959860383,0.9999900729926436
4,"1,4,3,8",0.9999554550489005,0.9999650959860383,0.9999900729926436
4,"1,4,3,9",0.9999882901493051,0.9999650959860383,0.9999900729926436
4,"1,4,3,10",0.9999970870803186,0.9999650959860383,0.9999900729926436
4,"1,4,4,0",0.8831094103154556,0.6170714285714285,0.9347606216790444
4,"1,4,4,1",0.9460024340810332,1.0,0.9760835472988775
4,"1,4,4,2",0.9770775714039627,0.7306355676560062,0.6970654965207256
4,"1,4,4,3",0.9910072031754847,0.9674119593691286,0.9743214475963103
4,"1,4,4,4",0.9967228714264409,0.999856450214839,0.9996661202479483
4,"1,4,4,5",0.9988855786638268,0.9997935180938496,0.9998243240286843
4,"1,4,4,6",0.9996448984402364,0.9999567249000606,0.9998944595446733
4,"1,4,4,7",0.9998935825346169,0.999977375565611,0.9999900729926436
4,"1,4,4,8",0.9999699058668937,0.999977375565611,0.9999900729926436
4,"1,4,4,9",0.9999919448855294,0.999977375565611,0.9999900729926436
4,"1,4,4,10",0.9999979536826974,0.999977375565611,0.9999900729926436
4,"1,4,5,0",0.9201707822440862,0.6559047619047618,0.9904428243716288
4,"1,4,5,1",0.9638569290373664,0.9671666666666665,0.9823906924508647
4,"1,4,5,2",0.984862638963085,0.802,0.9788449986758537
4,"1,4,5,3",0.9941067459272189,0.9977123867220123,0.9973793226341763
4,"1,4,5,4",0.997857791687614,0.99995581626413,0.9999367330101974
4,"1,4,5,5",0.9992700253094163,1.0,0.9999432918971636
4,"1,4,5,6",0.9997659736586192,0.9999927901946647,0.9999301857851857
4,"1,4,5,7",0.9999291802013912,1.0,0.9999900729926436
4,"1,4,5,8",0.9999797106790388,1.0,0.9999900729926436
4,"1,4,5,9",0.9999944820708309,1.0,0.9999900729926436
4,"1,4,5,10",0.9999985719281279,1.0,0.9999900729926436
4,"1,4,6,0",0.9457103740424233,0.6559047619047618,0.9903302958285707
4,"1,4,6,1",0.9758414962008133,0.9671666666666665,0.9823906924508647
4,"1,4,6,2",0.9899991253407012,0.802,0.9788449986758537
4,"1,4,6,3",0.9961321772419156,0.9977123867220123,0.9973793226341763
4,"1,4,6,4",0.9985970624017124,0.99995581626413,0.9999367330101974
4,"1,4,6,5",0.9995210574953478,1.0,0.9999432918971636
4,"1,4,6,6",0.9998456194286212,0.9999927901946647,0.9999301857851857
4,"1,4,6,7",0.9999528770881495,1.0,0.9999900729926436
4,"1,4,6,8",0.9999863429743494,1.0,0.9999900729926436
4,"1,4,6,9",0.9999962327922014,1.0,0.9999900729926436
4,"1,4,6,10",0.9999990087368499,1.0,0.9999900729926436
4,"1,4,7,0",0.9631984215625835,0.6559047619047618,0.9903302958285707
4,"1,4,7,1",0.9838679024328312,0.9671666666666665,0.9823906924508647
4,"1,4,7,2",0.9933892524331188,0.802,0.9788449986758537
4,"1,4,7,3",0.9974580376757233,0.9977123867220123,0.9973793226341763
4,"1,4,7,4",0.9990796934454633,0.99995581626413,0.9999367330101974
4,"1,4,7,5",0.9996852986526729,1.0,0.9999432918971636
4,"1,4,7,6",0.9998980686147917,0.9999927901946647,0.9999301857851857
4,"1,4,7,7",0.999968645847085,1.0,0.9999900729926436
4,"1,4,7,8",0.9999908188001543,1.0,0.9999900729926436
4,"1,4,7,9",0.9999974350719789,1.0,0.9999900729926436
4,"1,4,7,10",0.9999993149848762,1.0,0.9999900729926436
4,"1,4,8,0",0.9751158948380985,0.6559047619047618,0.9903302958285707
4,"1,4,8,1",0.9892349044067497,0.9671666666666665,0.9823906924508647
4,"1,4,8,2",0.9956277924454907,0.802,0.9788449986758537
4,"1,4,8,3",0.9983273313538511,0.9977123867220123,0.9973793226341763
4,"1,4,8,4",0.9993954004586861,0.99995581626413,0.9999367330101974
4,"1,4,8,5",0.9997929439202261,1.0,0.9999432918971636
4,"1,4,8,6",0.9999326427936976,0.9999927901946647,0.9999301857851857
4,"1,4,8,7",0.9999791368922664,1.0,0.9999900729926436
4,"1,4,8,8",0.9999938338529288,1.0,0.9999900729926436
4,"1,4,8,9",0.9999982575670227,1.0,0.9999900729926436
4,"1,4,8,10",0.9999995283642893,1.0,0.9999900729926436
4,"1,4,9,0",0.9832074187062722,0.6559047619047618,0.9903302958285707
4,"1,4,9,1",0.9928196414683816,0.9671666666666665,0.9823906924508647
4,"1,4,9,2",0.9971067046126342,0.802,0.9788449986758537
4,"1,4,9,3",0.9988980997124155,0.9977123867220123,0.9973793226341763
4,"1,4,9,4",0.999602278115582,0.99995581626413,0.9999367330101974
4,"1,4,9,5",0.9998636058550924,1.0,0.9999432918971636
4,"1,4,9,6",0.999955455250574,0.9999927901946647,0.9999301857851857
4,"1,4,9,7",0.9999861161752068,1.0,0.9999900729926436
4,"1,4,9,8",0.9999958620061866,1.0,0.9999900729926436
4,"1,4,9,9",0.9999988185080692,1.0,0.9999900729926436
4,"1,4,9,10",0.9999996762826563,1.0,0.9999900729926436
4,"1,4,10,0",0.9886856109084794,0.6559047619047618,0.9903302958285707
4,"1,4,10,1",0.9952120956052946,0.9671666666666665,0.9823906924508647
4,"1,4,10,2",0.998084309530052,0.802,0.9788449986758537
4,"1,4,10,3",0.9992733504985954,0.9977123867220123,0.9973793226341763
4,"1,4,10,4",0.9997380537722441,0.99995581626413,0.9999367330101974
4,"1,4,10,5",0.9999100556564342,1.0,0.9999432918971636
4,"1,4,10,6",0.9999705203233271,0.9999927901946647,0.9999301857851857
4,"1,4,10,7",0.9999907593333356,1.0,0.9999900729926436
4,"1,4,10,8",0.9999972247746566,1.0,0.9999900729926436
4,"1,4,10,9",0.999999200103287,1.0,0.9999900729926436
4,"1,4,10,10",0.9999997783919442,1.0,0.9999900729926436
4,"1,5,0,0",0.5610135562079662,0.259960705960706,0.2889079004395554
4,"1,5,0,1",0.7637025565905721,0.9706282540988422,0.9992149116364
4,"1,5,0,2",0.8861595320776795,0.9945454545454545,0.9949956728538762
4,"1,5,0,3",0.9504779912405668,0.98,0.9988440129178365
4,"1,5,0,4",0.9803919892281172,0.93,0.0062755452290480344
4,"1,5,0,5",0.992883143358209,0.99,0.9996769209666166
4,"1,5,0,6",0.9976171932773938,0.99992,0.9977631784372087
4,"1,5,0,7",0.9992599818350961,1.0,0.9998576216194295
4,"1,5,0,8",0.9997857710555555,1.0,0.9998576216194295
4,"1,5,0,9",0.999941938783105,1.0,0.9998576216194295
4,"1,5,0,10",0.9999852105839379,1.0,0.9998576216194295
4,"1,5,1,0",0.6853474625468634,0.3519585969585969,0.4329688634427489
4,"1,5,1,1",0.8370413948127107,0.9881809194609044,0.9948788122005948
4,"1,5,1,2",0.9236312069735385,0.9816942644244046,0.9903554605609889
4,"1,5,1,3",0.9673749325133915,0.95,0.9985790671879854
4,"1,5,1,4",0.9872093856682584,0.8499679734358867,0.02294661030892801
4,"1,5,1,5",0.9953704350388917,0.97,0.9993987497467638
4,"1,5,1,6",0.998444682867592,0.979307137020937,0.9942051410335475
4,"1,5,1,7",0.9995127012172451,0.99,0.999828898412048
4,"1,5,1,8",0.9998570072216829,1.0,0.999828898412048
4,"1,5,1,9",0.9999605518989141,1.0,0.999828898412048
4,"1,5,1,10",0.9999897337047196,1.0,0.999828898412048
4,"1,5,2,0",0.7774975762151262,0.7448288100788097,0.7856477969118546
4,"1,5,2,1",0.8884054979300893,0.9728878437924878,0.9930430282951889
4,"1,5,2,2",0.9488960854929517,0.9567774251610459,0.9906827962212114
4,"1,5,2,3",0.9784976040352888,0.82,0.997526913505393
4,"1,5,2,4",0.9916398400720483,0.4066103043957692,0.04378479359717336
4,"1,5,2,5",0.9969809747419639,0.8566551624550408,0.9996825358544946
4,"1,5,2,6",0.9989827093833269,0.9097277541005216,0.9989906124881498
4,"1,5,2,7",0.9996788218159042,0.93,0.9999710731143409
4,"1,5,2,8",0.9999046359691847,0.97,0.9999710731143409
4,"1,5,2,9",0.9999732812666471,0.97,0.9999710731143409
4,"1,5,2,10",0.9999929147520238,0.99,0.9999710731143409
4,"1,5,3,0",0.8442540128802838,0.5292380952380951,0.5539841039954675
4,"1,5,3,1",0.9239761078913553,0.8778849206349206,0.9156811166626765
4,"1,5,3,2",0.9658606900947592,0.6893275325538536,0.6088567255686466
4,"1,5,3,3",0.9858203564372258,0.984834359269847,0.9796576269433176
4,"1,5,3,4",0.9945258946278727,0.8466046817338043,0.10434947956488104
4,"1,5,3,5",0.9980269888591026,0.9966387247546962,0.9998433621700396
4,"1,5,3,6",0.9993334088670621,0.9999464383497348,0.9995323462625978
4,"1,5,3,7",0.9997881250350426,1.0,0.9999900729926436
4,"1,5,3,8",0.9999364353007641,1.0,0.9999900729926436
4,"1,5,3,9",0.9999819464960134,1.0,0.9999900729926436
4,"1,5,3,10",0.9999951326627187,1.0,0.9999900729926436
4,"1,5,4,0",0.8918307422763242,0.6170714285714285,0.9347606216790444
4,"1,5,4,1",0.9484110309985966,1.0,0.9760835472988775
4,"1,5,4,2",0.9772200589151754,0.7829915254237289,0.6970654965207256
4,"1,5,4,3",0.9906434043378334,0.9692527656216994,0.9743214475963103
4,"1,5,4,4",0.9964098816183614,0.849923258385098,0.1131901713150255
4,"1,5,4,5",0.9987081401384476,0.9998161425282387,0.9996956625168302
4,"1,5,4,6",0.9995625047139496,0.999986559139785,0.9998171544659928
4,"1,5,4,7",0.9998601128233658,1.0,0.9999900729926436
4,"1,5,4,8",0.9999576456332344,1.0,0.9999900729926436
4,"1,5,4,9",0.9999878243803441,1.0,0.9999900729926436
4,"1,5,4,10",0.9999966687023812,1.0,0.9999900729926436
4,"1,5,5,0",0.9253312482247606,0.6559047619047618,0.9904428243716288
4,"1,5,5,1",0.9650968781202367,0.9671666666666665,0.9823906924508647
4,"1,5,5,2",0.9848116046925384,0.8393333333333333,0.9788449986758537
4,"1,5,5,3",0.9938218598317804,0.9977123867220123,0.9973793226341763
4,"1,5,5,4",0.9976420568432408,0.85,0.4025446912718625
4,"1,5,5,5",0.9991527128286424,1.0,0.9999017514730272
4,"1,5,5,6",0.9997124509371297,1.0,0.9998790458934612
4,"1,5,5,7",0.9999075682233467,1.0,0.9999900729926436
4,"1,5,5,8",0.9999717839695379,1.0,0.9999900729926436
4,"1,5,5,9",0.9999918006901949,1.0,0.9999900729926436
4,"1,5,5,10",0.9999977268857853,1.0,0.9999900729926436
4,"1,5,6,0",0.948705318420678,0.6559047619047618,0.9903302958285707
4,"1,5,6,1",0.9764404399751463,0.9671666666666665,0.9823906924508647
4,"1,5,6,2",0.9898783987496188,0.8393333333333333,0.9788449986758537
4,"1,5,6,3",0.9959178637628273,0.9977123867220123,0.9973793226341763
4,"1,5,6,4",0.9984493007712689,0.85,0.4025446912718625
4,"1,5,6,5",0.9994434595756568,1.0,0.9999017514730272
4,"1,5,6,6",0.9998107603630348,1.0,0.9998790458934612
4,"1,5,6,7",0.999938879034596,1.0,0.9999900729926436
4,"1,5,6,8",0.9999812044004344,1.0,0.9999900729926436
4,"1,5,6,9",0.9999944849063261,1.0,0.9999900729926436
4,"1,5,6,10",0.9999984527904848,1.0,0.9999900729926436
4,"1,5,7,0",0.9648989930315074,0.6559047619047618,0.9903302958285707
4,"1,5,7,1",0.9841260113624333,0.9671666666666665,0.9823906924508647
4,"1,5,7,2",0.9932570720896381,0.8393333333333333,0.9788449986758537
4,"1,5,7,3",0.9973009987159805,0.9977123867220123,0.9973793226341763
4,"1,5,7,4",0.9989789670125038,0.85,0.4025446912718625
4,"1,5,7,5",0.9996339442438891,1.0,0.9999017514730272
4,"1,5,7,6",0.9998753133734727,1.0,0.9998790458934612
4,"1,5,7,7",0.9999595549348095,1.0,0.9999900729926436
4,"1,5,7,8",0.9999874797396799,1.0,0.9999900729926436
4,"1,5,7,9",0.9999962938659468,1.0,0.9999900729926436
4,"1,5,7,10",0.9999989490497768,1.0,0.9999900729926436
4,"1,5,8,0",0.9760558545236363,0.6559047619047618,0.9903302958285707
4,"1,5,8,1",0.9893195771902512,0.9671666666666665,0.9823906924508647
4,"1,5,8,2",0.9955087131473705,0.8393333333333334,0.9788449986758537
4,"1,5,8,3",0.9982143483678712,0.9977123867220123,0.9973793226341763
4,"1,5,8,4",0.9993269851317422,0.85,0.4025446912718625
4,"1,5,8,5",0.9997589398006442,1.0,0.9999017514730272
4,"1,5,8,6",0.9999177589205538,1.0,0.9998790458934612
4,"1,5,8,7",0.9999732188563333,1.0,0.9999900729926436
4,"1,5,8,8",0.9999916594897291,1.0,0.9999900729926436
4,"1,5,8,9",0.999997511353473,1.0,0.9999900729926436
4,"1,5,8,10",0.9999992873631177,1.0,0.9999900729926436
4,"1,5,9,0",0.9837085486688418,0.6559047619047618,0.9903302958285707
4,"1,5,9,1",0.9928220030215105,0.9671666666666665,0.9823906924508647
4,"1,5,9,2",0.9970086945927582,0.8393333333333333,0.9788449986758537
4,"1,5,9,3",0.99881788847862,0.9977123867220123,0.9973793226341763
4,"1,5,9,4",0.9995559392099285,0.85,0.4025446912718625
4,"1,5,9,5",0.999841078469456,1.0,0.9999017514730272
4,"1,5,9,6",0.9999457026563505,1.0,0.9998790458934612
4,"1,5,9,7",0.9999822554979276,1.0,0.9999900729926436
4,"1,5,9,8",0.9999944433579889,1.0,0.9999900729926436
4,"1,5,9,9",0.9999983298953308,1.0,0.9999900729926436
4,"1,5,9,10",0.9999995174669066,1.0,0.9999900729926436
4,"1,5,10,0",0.98893894570737,0.6559047619047618,0.9903302958285707
4,"1,5,10,1",0.995180178140493,0.9671666666666665,0.9823906924508647
4,"1,5,10,2",0.9980077157608717,0.8393333333333333,0.9788449986758537
4,"1,5,10,3",0.9992169722622692,0.9977123867220123,0.9973793226341763
4,"1,5,10,4",0.999706736538114,0.85,0.4025446912718625
4,"1,5,10,5",0.9998951238747807,1.0,0.9999017514730272
4,"1,5,10,6",0.9999641198686331,1.0,0.9998790458934612
4,"1,5,10,7",0.9999882360377425,1.0,0.9999900729926436
4,"1,5,10,8",0.9999962975755856,1.0,0.9999900729926436
4,"1,5,10,9",0.9999988797518564,1.0,0.9999900729926436
4,"1,5,10,10",0.9999996736707423,1.0,0.9999900729926436
4,"1,6,0,0",0.6096521184744073,0.259960705960706,0.2889079004395554
4,"1,6,0,1",0.7859165054670066,0.9706282540988422,0.9992149116364
4,"1,6,0,2",0.8935462203362707,0.9945454545454545,0.9949956728538762
4,"1,6,0,3",0.9516777939931902,0.98,0.9988440129178365
4,"1,6,0,4",0.979849593097474,0.93,0.0062755452290480344
4,"1,6,0,5",0.992236390294089,0.99,0.9996769209666166
4,"1,6,0,6",0.9972220258380798,0.99992,0.9977631784372087
4,"1,6,0,7",0.999072555405683,1.0,0.9998576216194295
4,"1,6,0,8",0.9997099010738835,1.0,0.9998576216194295
4,"1,6,0,9",0.9999146659488678,1.0,0.9998576216194295
4,"1,6,0,10",0.9999763148830695,1.0,0.9998576216194295
4,"1,6,1,0",0.7178160819641684,0.3519585969585969,0.4329688634427489
4,"1,6,1,1",0.8505859437531509,0.9881809194609044,0.9948788122005948
4,"1,6,1,2",0.9276557867055785,0.9816942644244046,0.9903554605609889
4,"1,6,1,3",0.9677809179815824,0.95,0.9985790671879854
4,"1,6,1,4",0.9867299392950062,0.8499679734358867,0.02294661030892801
4,"1,6,1,5",0.9949204218957209,0.97,0.9993987497467638
4,"1,6,1,6",0.9981848263365586,0.979307137020937,0.9942051410335475
4,"1,6,1,7",0.9993920098151065,0.99,0.999828898412048
4,"1,6,1,8",0.9998084225005825,1.0,0.999828898412048
4,"1,6,1,9",0.9999430239905169,1.0,0.999828898412048
4,"1,6,1,10",0.9999839588653897,1.0,0.999828898412048
4,"1,6,2,0",0.7985788002580589,0.7448288100788097,0.7856477969118546
4,"1,6,2,1",0.8964975838792918,0.9728878437924878,0.9930430282951889
4,"1,6,2,2",0.9510138866015009,0.9567774251610459,0.9906827962212114
4,"1,6,2,3",0.9785375553345352,0.82,0.997526913505393
4,"1,6,2,4",0.9912539890366259,0.4166103043957692,0.04378479359717336
4,"1,6,2,5",0.9966708622247366,0.8566551624550408,0.9996825358544946
4,"1,6,2,6",0.9988116565622842,0.9097277541005216,0.9989906124881498
4,"1,6,2,7",0.9996008080513828,0.93,0.9999710731143409
4,"1,6,2,8",0.9998733950838891,0.97,0.9999710731143409
4,"1,6,2,9",0.9999619792416463,0.97,0.9999710731143409
4,"1,6,2,10",0.999989159440174,0.99,0.9999710731143409
4,"1,6,3,0",0.8576501684872914,0.5292380952380952,0.5539841039954675
4,"1,6,3,1",0.9287178369063757,0.8778849206349206,0.9156811166626765
4,"1,6,3,2",0.9669212701030895,0.6893275325538536,0.6088567255686466
4,"1,6,3,3",0.9857113443675877,0.984834359269847,0.9796576269433176
4,"1,6,3,4",0.9942310689161913,0.8566046817338043,0.10434947956488104
4,"1,6,3,5",0.9978147548485479,0.9966387247546962,0.9998433621700396
4,"1,6,3,6",0.9992207017004736,0.9999464383497348,0.9995323462625978
4,"1,6,3,7",0.9997375341563498,1.0,0.9999900729926436
4,"1,6,3,8",0.9999162750757916,1.0,0.9999900729926436
4,"1,6,3,9",0.9999746376475381,1.0,0.9999900729926436
4,"1,6,3,10",0.999992686577224,1.0,0.9999900729926436
4,"1,6,4,0",0.9001919677235021,0.6170714285714285,0.9347606216790444
4,"1,6,4,1",0.9511331352219116,1.0,0.9760835472988775
4,"1,6,4,2",0.9777100352292343,0.7829915254237289,0.6970654965207256
4,"1,6,4,3",0.9904906137844969,0.9692527656216994,0.9743214475963103
4,"1,6,4,4",0.9961917868518253,0.859923258385098,0.1131901713150255
4,"1,6,4,5",0.9985636260119525,0.9998161425282387,0.9996956625168302
4,"1,6,4,6",0.999488172827791,0.999986559139785,0.9998171544659928
4,"1,6,4,7",0.9998272136333266,1.0,0.9999900729926436
4,"1,6,4,8",0.9999445954790841,1.0,0.9999900729926436
4,"1,6,4,9",0.9999830855488994,1.0,0.9999900729926436
4,"1,6,4,10",0.9999950728907949,1.0,0.9999900729926436
4,"1,6,5,0",0.9304666000654765,0.6559047619047618,0.9904428243716288
4,"1,6,5,1",0.9666226730229456,0.9671666666666665,0.9823906924508647
4,"1,6,5,2",0.9850044739139777,0.8393333333333333,0.9788449986758537
4,"1,6,5,3",0.9936724516048987,0.9977123867220123,0.9973793226341763
4,"1,6,5,4",0.9974842023690769,0.86,0.4025446912718625
4,"1,6,5,5",0.9990546831114058,1.0,0.9999017514730272
4,"1,6,5,6",0.9996633852484502,1.0,0.9998790458934612
4,"1,6,5,7",0.9998861218896624,1.0,0.9999900729926436
4,"1,6,5,8",0.9999633132753681,1.0,0.9999900729926436
4,"1,6,5,9",0.9999887210106958,1.0,0.9999900729926436
4,"1,6,5,10",0.999996684238667,1.0,0.9999900729926436
4,"1,6,6,0",0.9518107933458848,0.6559047619047618,0.9903302958285707
4,"1,6,6,1",0.9772700556078721,0.9671666666666665,0.9823906924508647
4,"1,6,6,2",0.9899245979885087,0.8393333333333333,0.9788449986758537
4,"1,6,6,3",0.995789898948423,0.9977123867220123,0.9973793226341763
4,"1,6,6,4",0.998336799954504,0.86,0.4025446912718625
4,"1,6,6,5",0.9993771538692182,1.0,0.9999017514730272
4,"1,6,6,6",0.9997783460471067,1.0,0.9998790458934612
4,"1,6,6,7",0.9999248687516155,1.0,0.9999900729926436
4,"1,6,6,8",0.9999756929253634,1.0,0.9999900729926436
4,"1,6,6,9",0.9999924792790253,1.0,0.9999900729926436
4,"1,6,6,10",0.9999977706096058,1.0,0.9999900729926436
4,"1,6,7,0",0.9667469741840659,0.6559047619047618,0.9903302958285707
4,"1,6,7,1",0.9845583841069896,0.9671666666666665,0.9823906924508647
4,"1,6,7,2",0.9932371240139011,0.8393333333333333,0.9788449986758537
4,"1,6,7,3",0.9971986902722663,0.9977123867220123,0.9973793226341763
4,"1,6,7,4",0.9988996966647965,0.86,0.4025446912718625
4,"1,6,7,5",0.9995891959116681,1.0,0.9999017514730272
4,"1,6,7,6",0.9998538829850828,1.0,0.9998790458934612
4,"1,6,7,7",0.9999503851357913,1.0,0.9999900729926436
4,"1,6,7,8",0.9999838860014454,1.0,0.9999900729926436
4,"1,6,7,9",0.9999949852342875,1.0,0.9999900729926436
4,"1,6,7,10",0.9999985021297929,1.0,0.9999900729926436
4,"1,6,8,0",0.9771360591638836,0.6559047619047618,0.9903302958285707
4,"1,6,8,1",0.9895306019976292,0.9671666666666665,0.9823906924508647
4,"1,6,8,2",0.9954641165832909,0.8393333333333333,0.9788449986758537
4,"1,6,8,3",0.9981359039220116,0.9977123867220123,0.9973793226341763
4,"1,6,8,4",0.9992716096438422,0.86,0.4025446912718625
4,"1,6,8,5",0.9997287924476973,1.0,0.9999017514730272
4,"1,6,8,6",0.9999035802123163,1.0,0.9998790458934612
4,"1,6,8,7",0.9999672070893886,1.0,0.9999900729926436
4,"1,6,8,8",0.9999893117139528,1.0,0.9999900729926436
4,"1,6,8,9",0.9999966560297678,1.0,0.9999900729926436
4,"1,6,8,10",0.9999989942121543,1.0,0.9999900729926436
4,"1,6,9,0",0.9843267120163547,0.6559047619047618,0.9903302958285707
4,"1,6,9,1",0.9929134628566502,0.9671666666666665,0.9823906924508647
4,"1,6,9,2",0.9969596284631156,0.8393333333333333,0.9788449986758537
4,"1,6,9,3",0.9987593954616711,0.9977123867220123,0.9973793226341763
4,"1,6,9,4",0.9995175140028886,0.86,0.4025446912718625
4,"1,6,9,5",0.9998207955940911,1.0,0.9999017514730272
4,"1,6,9,6",0.999936315429723,1.0,0.9998790458934612
4,"1,6,9,7",0.9999783082173443,1.0,0.9999900729926436
4,"1,6,9,8",0.9999929069219704,1.0,0.9999900729926436
4,"1,6,9,9",0.9999977699798025,1.0,0.9999900729926436
4,"1,6,9,10",0.9999993249585412,1.0,0.9999900729926436
4,"1,6,10,0",0.9892833089373981,0.6559047619047618,0.9903302958285707
4,"1,6,10,1",0.9952098467451218,0.9671666666666665,0.9823906924508647
4,"1,6,10,2",0.9979630359752516,0.8393333333333333,0.9788449986758537
4,"1,6,10,3",0.9991742090678273,0.9977123867220123,0.9973793226341763
4,"1,6,10,4",0.9996802139467673,0.86,0.4025446912718625
4,"1,6,10,5",0.9998814924283423,1.0,0.9999017514730272
4,"1,6,10,6",0.9999579009640471,1.0,0.9998790458934612
4,"1,6,10,7",0.9999856407670378,1.0,0.9999900729926436
4,"1,6,10,8",0.9999952905330461,1.0,0.9999900729926436
4,"1,6,10,9",0.999998512693927,1.0,0.9999900729926436
4,"1,6,10,10",0.9999995471177835,1.0,0.9999900729926436
4,"1,7,0,0",0.6514876874582236,0.259960705960706,0.2889079004395554
4,"1,7,0,1",0.8059380149106311,0.9706282540988422,0.9992149116364
4,"1,7,0,2",0.9010306745972686,0.9945454545454545,0.9949956728538762
4,"1,7,0,3",0.9535207058930983,0.98,0.9988440129178365
4,"1,7,0,4",0.9797957108346799,0.93,0.0062755452290480344
4,"1,7,0,5",0.9918321508184157,0.99,0.9996769209666166
4,"1,7,0,6",0.9969159009724113,0.99992,0.9977631784372087
4,"1,7,0,7",0.9989080310249719,1.0,0.9998576216194295
4,"1,7,0,8",0.9996361684979769,1.0,0.9998576216194295
4,"1,7,0,9",0.999885553672896,1.0,0.9998576216194295
4,"1,7,0,10",0.9999659128593164,1.0,0.9998576216194295
4,"1,7,1,0",0.7462860515437485,0.3519585969585969,0.4329688634427489
4,"1,7,1,1",0.8632164484898885,0.9881809194609044,0.9948788122005948
4,"1,7,1,2",0.9319961544903207,0.9816942644244046,0.9903554605609889
4,"1,7,1,3",0.9686732808623268,0.95,0.9985790671879854
4,"1,7,1,4",0.9865685263233427,0.8499679734358867,0.02294661030892801
4,"1,7,1,5",0.9946178310427515,0.97,0.9993987497467638
4,"1,7,1,6",0.9979766865807018,0.979307137020937,0.9942051410335475
4,"1,7,1,7",0.9992839473840163,0.99,0.999828898412048
4,"1,7,1,8",0.9997606828524863,1.0,0.999828898412048
4,"1,7,1,9",0.999924246868306,1.0,0.999828898412048
4,"1,7,1,10",0.9999772297510058,1.0,0.999828898412048
4,"1,7,2,0",0.8174867034437578,0.7448288100788097,0.7856477969118546
4,"1,7,2,1",0.9043243748624122,0.9728878437924878,0.9930430282951889
4,"1,7,2,2",0.9534762478781185,0.9567774251610459,0.9906827962212114
4,"1,7,2,3",0.9789261477978927,0.85,0.997526913505393
4,"1,7,2,4",0.9910726490243607,0.46661030439576917,0.04378479359717336
4,"1,7,2,5",0.9964502594723327,0.9066551624550407,0.9996825358544946
4,"1,7,2,6",0.9986706968834402,0.9297277541005217,0.9989906124881498
4,"1,7,2,7",0.9995297361957309,0.95,0.9999710731143409
4,"1,7,2,8",0.9998423936907782,0.98,0.9999710731143409
4,"1,7,2,9",0.9999498302174845,0.98,0.9999710731143409
4,"1,7,2,10",0.9999847953308363,1.0,0.9999710731143409
4,"1,7,3,0",0.8699662051190434,0.5292380952380952,0.5539841039954675
4,"1,7,3,1",0.933489609803839,0.8778849206349206,0.9156811166626765
4,"1,7,3,2",0.968281746644969,0.6893275325538536,0.6088567255686466
4,"1,7,3,3",0.9858440154593705,0.984834359269847,0.9796576269433176
4,"1,7,3,4",0.9940666167074692,0.8566046817338043,0.10434947956488104
4,"1,7,3,5",0.9976568196804558,0.9966387247546962,0.9998433621700396
4,"1,7,3,6",0.999125519711287,0.9999464383497348,0.9995323462625978
4,"1,7,3,7",0.9996907343419894,1.0,0.9999900729926436
4,"1,7,3,8",0.9998960915052401,1.0,0.9999900729926436
4,"1,7,3,9",0.9999667554381294,1.0,0.9999900729926436
4,"1,7,3,10",0.9999898498328778,1.0,0.9999900729926436
4,"1,7,4,0",0.9080847562133684,0.6170714285714285,0.9347606216790444
4,"1,7,4,1",0.9539961803702647,1.0,0.9760835472988775
4,"1,7,4,2",0.9784359308823153,0.7829915254237289,0.6970654965207256
4,"1,7,4,3",0.9905016322103322,0.9692527656216994,0.9743214475963103
4,"1,7,4,4",0.9960562765591396,0.859923258385098,0.1131901713150255
4,"1,7,4,5",0.9984520242759143,0.9998161425282387,0.9996956625168302
4,"1,7,4,6",0.99942404492828,0.999986559139785,0.9998171544659928
4,"1,7,4,7",0.999796362812647,1.0,0.9999900729926436
4,"1,7,4,8",0.999931425280272,1.0,0.9999900729926436
4,"1,7,4,9",0.9999779591693146,1.0,0.9999900729926436
4,"1,7,4,10",0.9999932251743021,1.0,0.9999900729926436
4,"1,7,5,0",0.9354525346940221,0.6559047619047618,0.9904428243716288
4,"1,7,5,1",0.9683116293857006,0.9671666666666665,0.9823906924508647
4,"1,7,5,2",0.9853726224862749,0.8393333333333333,0.9788449986758537
4,"1,7,5,3",0.9936323132893546,0.9977123867220123,0.9973793226341763
4,"1,7,5,4",0.9973784078173601,0.86,0.4025446912718625
4,"1,7,5,5",0.998976585218215,1.0,0.9999017514730272
4,"1,7,5,6",0.999620253209973,1.0,0.9998790458934612
4,"1,7,5,7",0.999865764403378,1.0,0.9999900729926436
4,"1,7,5,8",0.9999547023387391,1.0,0.9999900729926436
4,"1,7,5,9",0.999985379725674,1.0,0.9999900729926436
4,"1,7,5,10",0.9999954784892451,1.0,0.9999900729926436
4,"1,7,6,0",0.9549185487646863,0.6559047619047618,0.9903302958285707
4,"1,7,6,1",0.9782473874760157,0.9671666666666665,0.9823906924508647
4,"1,7,6,2",0.9900963587860999,0.8393333333333333,0.9788449986758537
4,"1,7,6,3",0.9957339703672817,0.9977123867220123,0.9973793226341763
4,"1,7,6,4",0.9982569911439311,0.86,0.4025446912718625
4,"1,7,6,5",0.9993229061608758,1.0,0.9999017514730272
4,"1,7,6,6",0.9997493736965446,1.0,0.9998790458934612
4,"1,7,6,7",0.9999114231487606,1.0,0.9999900729926436
4,"1,7,6,8",0.9999700529550685,1.0,0.9999900729926436
4,"1,7,6,9",0.9999902972650633,1.0,0.9999900729926436
4,"1,7,6,10",0.999996982454128,1.0,0.9999900729926436
4,"1,7,7,0",0.9686587137797128,0.6559047619047618,0.9903302958285707
4,"1,7,7,1",0.985110815269301,0.9671666666666665,0.9823906924508647
4,"1,7,7,2",0.99330489271462,0.8393333333333333,0.9788449986758537
4,"1,7,7,3",0.9971434470723245,0.9977123867220123,0.9973793226341763
4,"1,7,7,4",0.9988408908006838,0.86,0.4025446912718625
4,"1,7,7,5",0.9995517325298221,1.0,0.9999017514730272
4,"1,7,7,6",0.9998344416151095,1.0,0.9998790458934612
4,"1,7,7,7",0.9999414971513358,1.0,0.9999900729926436
4,"1,7,7,8",0.999980186093203,1.0,0.9999900729926436
4,"1,7,7,9",0.9999935577929213,1.0,0.9999900729926436
4,"1,7,7,10",0.9999979861468979,1.0,0.9999900729926436
4,"1,7,8,0",0.9782961067070206,0.6559047619047618,0.9903302958285707
4,"1,7,8,1",0.9898334414509545,0.9671666666666665,0.9823906924508647
4,"1,7,8,2",0.9954796936354673,0.8393333333333333,0.9788449986758537
4,"1,7,8,3",0.9980879934416216,0.9977123867220123,0.9973793226341763
4,"1,7,8,4",0.9992290093053418,0.86,0.4025446912718625
4,"1,7,8,5",0.9997030389772732,1.0,0.9999017514730272
4,"1,7,8,6",0.9998905447043781,1.0,0.9998790458934612
4,"1,7,8,7",0.9999613272561404,1.0,0.9999900729926436
4,"1,7,8,8",0.9999868810549741,1.0,0.9999900729926436
4,"1,7,8,9",0.9999957207468795,1.0,0.9999900729926436
4,"1,7,8,10",0.9999986559367778,1.0,0.9999900729926436
4,"1,7,9,0",0.9850201783062883,0.6559047619047618,0.9903302958285707
4,"1,7,9,1",0.9930724473019568,0.9671666666666665,0.9823906924508647
4,"1,7,9,2",0.9969512788854086,0.8393333333333333,0.9788449986758537
4,"1,7,9,3",0.9987205988896256,0.9977123867220123,0.9973793226341763
4,"1,7,9,4",0.9994870439216047,0.86,0.4025446912718625
4,"1,7,9,5",0.9998031572708507,1.0,0.9999017514730272
4,"1,7,9,6",0.9999275804190441,1.0,0.9998790458934612
4,"1,7,9,7",0.999974415611717,1.0,0.9999900729926436
4,"1,7,9,8",0.9999913080379629,1.0,0.9999900729926436
4,"1,7,9,9",0.9999971562905096,1.0,0.9999900729926436
4,"1,7,9,10",0.9999991029003608,1.0,0.9999900729926436
4,"1,7,10,0",0.9896907600961754,0.6559047619047618,0.9903302958285707
4,"1,7,10,1",0.9952878470613149,0.9671666666666665,0.9823906924508647
4,"1,7,10,2",0.997945614560556,0.8393333333333333,0.9788449986758537
4,"1,7,10,3",0.9991440913265526,0.9977123867220123,0.9973793226341763
4,"1,7,10,4",0.9996586332904531,0.86,0.4025446912718625
4,"1,7,10,5",0.9998694484654678,1.0,0.9999017514730272
4,"1,7,10,6",0.9999520504616302,1.0,0.9998790458934612
4,"1,7,10,7",0.999983062029706,1.0,0.9999900729926436
4,"1,7,10,8",0.9999942375567141,1.0,0.9999900729926436
4,"1,7,10,9",0.9999981094945,1.0,0.9999900729926436
4,"1,7,10,10",0.9999994011759598,1.0,0.9999900729926436
4,"1,8,0,0",0.6878180573206892,0.259960705960706,0.2889079004395554
4,"1,8,0,1",0.8239617259458345,0.9706282540988422,0.9992149116364
4,"1,8,0,2",0.9083405391935154,0.9945454545454545,0.9949956728538762
4,"1,8,0,3",0.9557362052429483,0.98,0.9988440129178365
4,"1,8,0,4",0.9800902413163224,0.93,0.0062755452290480344
4,"1,8,0,5",0.9916255863201181,0.99,0.9996769209666166
4,"1,8,0,6",0.996693960534249,0.99992,0.9977631784372087
4,"1,8,0,7",0.9987708889058349,1.0,0.9998576216194295
4,"1,8,0,8",0.9995683367371708,1.0,0.9998576216194295
4,"1,8,0,9",0.9998563856449307,1.0,0.9998576216194295
4,"1,8,0,10",0.9999546189802581,1.0,0.9998576216194295
4,"1,8,1,0",0.7713907065353013,0.3519585969585969,0.4329688634427489
4,"1,8,1,1",0.8748857726404975,0.9881809194609044,0.9948788122005948
4,"1,8,1,2",0.9364184984581048,0.9816942644244046,0.9903554605609889
4,"1,8,1,3",0.9698776663719197,0.95,0.9985790671879854
4,"1,8,1,4",0.9866458334451105,0.8499679734358867,0.02294661030892801
4,"1,8,1,5",0.9944403864705681,0.97,0.9993987497467638
4,"1,8,1,6",0.9978193392497101,0.979307137020937,0.9942051410335475
4,"1,8,1,7",0.9991917377713234,0.99,0.999828898412048
4,"1,8,1,8",0.9997161183778641,1.0,0.999828898412048
4,"1,8,1,9",0.999905278983297,1.0,0.999828898412048
4,"1,8,1,10",0.999969905001675,1.0,0.999828898412048
4,"1,8,2,0",0.8344609972899998,0.7448288100788097,0.7856477969118546
4,"1,8,2,1",0.9117586400570488,0.9728878437924878,0.9930430282951889
4,"1,8,2,2",0.9561076617975944,0.9567774251610459,0.9906827962212114
4,"1,8,2,3",0.9795547414937108,0.85,0.997526913505393
4,"1,8,2,4",0.9910516240937468,0.46661030439576917,0.04378479359717336
4,"1,8,2,5",0.9963084537993612,0.9066551624550407,0.9996825358544946
4,"1,8,2,6",0.9985603690829228,0.9297277541005217,0.9989906124881498
4,"1,8,2,7",0.9994678386096075,0.95,0.9999710731143409
4,"1,8,2,8",0.9998130759115629,0.98,0.9999710731143409
4,"1,8,2,9",0.9999374663498595,0.98,0.9999710731143409
4,"1,8,2,10",0.9999800331609889,1.0,0.9999710731143409
4,"1,8,3,0",0.8812418504133057,0.5292380952380951,0.5539841039954675
4,"1,8,3,1",0.9381581162818531,0.8778849206349206,0.9156811166626765
4,"1,8,3,2",0.9698195989961026,0.6893275325538536,0.6088567255686466
4,"1,8,3,3",0.986152305244793,0.984834359269847,0.9796576269433176
4,"1,8,3,4",0.9940082956841171,0.8566046817338043,0.10434947956488104
4,"1,8,3,5",0.9975482913871179,0.9966387247546962,0.9998433621700396
4,"1,8,3,6",0.999048799481705,0.9999464383497348,0.9995323462625978
4,"1,8,3,7",0.9996492351028751,1.0,0.9999900729926436
4,"1,8,3,8",0.9998767806636585,1.0,0.9999900729926436
4,"1,8,3,9",0.9999586794890946,1.0,0.9999900729926436
4,"1,8,3,10",0.99998674696409,1.0,0.9999900729926436
4,"1,8,4,0",0.9154636130520547,0.6170714285714285,0.9347606216790444
4,"1,8,4,1",0.9568883256544172,1.0,0.9760835472988775
4,"1,8,4,2",0.9793160331168959,0.7829915254237289,0.6970654965207256
4,"1,8,4,3",0.9906370461391739,0.9692527656216994,0.9743214475963103
4,"1,8,4,4",0.9959902846740196,0.859923258385098,0.1131901713150255
4,"1,8,4,5",0.9983712980784092,0.9998161425282387,0.9996956625168302
4,"1,8,4,6",0.9993710336905907,0.999986559139785,0.9998171544659928
4,"1,8,4,7",0.9997685652435377,1.0,0.9999900729926436
4,"1,8,4,8",0.999918691742548,1.0,0.9999900729926436
4,"1,8,4,9",0.9999726742762007,1.0,0.9999900729926436
4,"1,8,4,10",0.9999911995000313,1.0,0.9999900729926436
4,"1,8,5,0",0.9402181768979478,0.6559047619047618,0.9904428243716288
4,"1,8,5,1",0.9700791968150198,0.9671666666666665,0.9823906924508647
4,"1,8,5,2",0.9858632527520658,0.8393333333333333,0.9788449986758537
4,"1,8,5,3",0.9936783119924857,0.9977123867220123,0.9973793226341763
4,"1,8,5,4",0.9973177802725527,0.86,0.4025446912718625
4,"1,8,5,5",0.9989177282391115,1.0,0.9999017514730272
4,"1,8,5,6",0.9995838064563651,1.0,0.9998790458934612
4,"1,8,5,7",0.9998471575563804,1.0,0.9999900729926436
4,"1,8,5,8",0.9999462974575976,1.0,0.9999900729926436
4,"1,8,5,9",0.9999819155699294,1.0,0.9999900729926436
4,"1,8,5,10",0.9999941537241879,1.0,0.9999900729926436
4,"1,8,6,0",0.9579596250175287,0.6559047619047618,0.9903302958285707
4,"1,8,6,1",0.9793123108954209,0.9671666666666665,0.9823906924508647
4,"1,8,6,2",0.9903603645538993,0.8393333333333333,0.9788449986758537
4,"1,8,6,3",0.9957367053743742,0.9977123867220123,0.9973793226341763
4,"1,8,6,4",0.9982063398702916,0.86,0.4025446912718625
4,"1,8,6,5",0.9992806193373585,1.0,0.9999017514730272
4,"1,8,6,6",0.9997244147988585,1.0,0.9998790458934612
4,"1,8,6,7",0.9998989747473876,1.0,0.9999900729926436
4,"1,8,6,8",0.9999645001647308,1.0,0.9999900729926436
4,"1,8,6,9",0.999988023189779,1.0,0.9999900729926436
4,"1,8,6,10",0.9999961146970486,1.0,0.9999900729926436
4,"1,8,7,0",0.9705771822642929,0.6559047619047618,0.9903302958285707
4,"1,8,7,1",0.9857422527873142,0.9671666666666665,0.9823906924508647
4,"1,8,7,2",0.9934397478890005,0.8393333333333333,0.9788449986758537
4,"1,8,7,3",0.9971276565541157,0.9977123867220123,0.9973793226341763
4,"1,8,7,4",0.9988008094971459,0.86,0.4025446912718625
4,"1,8,7,5",0.9995216874175976,1.0,0.9999017514730272
4,"1,8,7,6",0.9998174042799878,1.0,0.9998790458934612
4,"1,8,7,7",0.9999331720901402,1.0,0.9999900729926436
4,"1,8,7,8",0.9999765144921042,1.0,0.9999900729926436
4,"1,8,7,9",0.9999920629472179,1.0,0.9999900729926436
4,"1,8,7,10",0.9999974169216556,1.0,0.9999900729926436
4,"1,8,8,0",0.9794926733688147,0.6559047619047618,0.9903302958285707
4,"1,8,8,1",0.9902008750304306,0.9671666666666665,0.9823906924508647
4,"1,8,8,2",0.9955428728932055,0.8393333333333333,0.9788449986758537
4,"1,8,8,3",0.9980663556428035,0.9977123867220123,0.9973793226341763
4,"1,8,8,4",0.9991983812176495,0.86,0.4025446912718625
4,"1,8,8,5",0.9996818760814339,1.0,0.9999017514730272
4,"1,8,8,6",0.999878945068386,1.0,0.9998790458934612
4,"1,8,8,7",0.9999557613021621,1.0,0.9999900729926436
4,"1,8,8,8",0.9999844514510293,1.0,0.9999900729926436
4,"1,8,8,9",0.9999947369209374,1.0,0.9999900729926436
4,"1,8,8,10",0.9999982820487981,1.0,0.9999900729926436
4,"1,8,9,0",0.9857577324060861,0.6559047619047618,0.9903302958285707
4,"1,8,9,1",0.9932813080711285,0.9671666666666665,0.9823906924508647
4,"1,8,9,2",0.9969760956168661,0.8393333333333333,0.9788449986758537
4,"1,8,9,3",0.9986991601783071,0.9977123867220123,0.9973793226341763
4,"1,8,9,4",0.9994642000357604,0.86,0.4025446912718625
4,"1,8,9,5",0.9997883531943808,1.0,0.9999017514730272
4,"1,8,9,6",0.9999196999170779,1.0,0.9998790458934612
4,"1,8,9,7",0.9999706950752673,1.0,0.9999900729926436
4,"1,8,9,8",0.9999896991498385,1.0,0.9999900729926436
4,"1,8,9,9",0.9999965080684814,1.0,0.9999900729926436
4,"1,8,9,10",0.9999988570212159,1.0,0.9999900729926436
4,"1,8,10,0",0.9901396158268954,0.6559047619047618,0.9903302958285707
4,"1,8,10,1",0.9954029429743187,0.9671666666666665,0.9823906924508647
4,"1,8,10,2",0.9979509798766358,0.8393333333333333,0.9788449986758537
4,"1,8,10,3",0.9991253672752475,0.9977123867220123,0.9973793226341763
4,"1,8,10,4",0.9996418942857829,0.86,0.4025446912718625
4,"1,8,10,5",0.9998591501575247,1.0,0.9999017514730272
4,"1,8,10,6",0.9999467061864713,1.0,0.9998790458934612
4,"1,8,10,7",0.9999805753879428,1.0,0.9999900729926436
4,"1,8,10,8",0.9999931714418673,1.0,0.9999900729926436
4,"1,8,10,9",0.9999976819591925,1.0,0.9999900729926436
4,"1,8,10,10",0.9999992393001662,1.0,0.9999900729926436
4,"1,9,0,0",0.7196032952265295,0.259960705960706,0.2889079004395554
4,"1,9,0,1",0.8401877852788007,0.9706282540988422,0.9992149116364
4,"1,9,0,2",0.9153307482763547,0.9945454545454545,0.9949956728538762
4,"1,9,0,3",0.9581466065948705,0.98,0.9988440129178365
4,"1,9,0,4",0.9806277436331186,0.93,0.0062755452290480344
4,"1,9,0,5",0.9915755027212723,0.99,0.9996769209666166
4,"1,9,0,6",0.9965470227216741,0.99992,0.9977631784372087
4,"1,9,0,7",0.9986621700604286,1.0,0.9998576216194295
4,"1,9,0,8",0.9995087075000569,1.0,0.9998576216194295
4,"1,9,0,9",0.9998285668305388,1.0,0.9998576216194295
4,"1,9,0,10",0.999943027617637,1.0,0.9998576216194295
4,"1,9,1,0",0.7936299413356996,0.3519585969585969,0.4329688634427489
4,"1,9,1,1",0.8856088994883297,0.9881809194609044,0.9948788122005948
4,"1,9,1,2",0.9407813046707939,0.9816942644244046,0.9903554605609889
4,"1,9,1,3",0.971272148160736,0.95,0.9985790671879854
4,"1,9,1,4",0.986898463061774,0.8499679734358867,0.02294661030892801
4,"1,9,1,5",0.9943657810871182,0.97,0.9993987497467638
4,"1,9,1,6",0.9977087720591055,0.9793071370209371,0.9942051410335475
4,"1,9,1,7",0.9991165756055091,0.99,0.999828898412048
4,"1,9,1,8",0.9996762600119128,1.0,0.999828898412048
4,"1,9,1,9",0.9998869866850613,1.0,0.999828898412048
4,"1,9,1,10",0.9999623403218989,1.0,0.999828898412048
4,"1,9,2,0",0.8497183020717606,0.7448288100788099,0.7856477969118546
4,"1,9,2,1",0.91874085990342,0.9728878437924877,0.9930430282951889
4,"1,9,2,2",0.9587932289653287,0.9567774251610459,0.9906827962212114
4,"1,9,2,3",0.9803430900201389,0.85,0.997526913505393
4,"1,9,2,4",0.9911534812967477,0.46661030439576917,0.04378479359717336
4,"1,9,2,5",0.9962335913374836,0.9066551624550407,0.9996825358544946
4,"1,9,2,6",0.998479134955901,0.9297277541005217,0.9989906124881498
4,"1,9,2,7",0.9994161572504838,0.95,0.9999710731143409
4,"1,9,2,8",0.9997864480612861,0.98,0.9999710731143409
4,"1,9,2,9",0.9999254229568102,0.98,0.9999710731143409
4,"1,9,2,10",0.9999750868520337,1.0,0.9999710731143409
4,"1,9,3,0",0.8915400620305,0.5292380952380951,0.5539841039954675
4,"1,9,3,1",0.9426452715750622,0.8778849206349206,0.9156811166626765
4,"1,9,3,2",0.9714497003387472,0.6893275325538536,0.6088567255686466
4,"1,9,3,3",0.986584928658279,0.984834359269847,0.9796576269433176
4,"1,9,3,4",0.9940343523659124,0.8566046817338046,0.10434947956488104
4,"1,9,3,5",0.99748302040764,0.9966387247546962,0.9998433621700396
4,"1,9,3,6",0.9989901289553474,0.9999464383497348,0.9995323462625978
4,"1,9,3,7",0.9996138504650871,1.0,0.9999900729926436
4,"1,9,3,8",0.9998589986267463,1.0,0.9999900729926436
4,"1,9,3,9",0.9999507411994625,1.0,0.9999900729926436
4,"1,9,3,10",0.9999835071650656,1.0,0.9999900729926436
4,"1,9,4,0",0.9223186064464217,0.6170714285714285,0.9347606216790444
4,"1,9,4,1",0.9597373562930885,1.0,0.9760835472988775
4,"1,9,4,2",0.9802906763756501,0.7829915254237289,0.6970654965207256
4,"1,9,4,3",0.9908648015462795,0.9692527656216994,0.9743214475963103
4,"1,9,4,4",0.995981360661571,0.859923258385098,0.1131901713150255
4,"1,9,4,5",0.9983183611498968,0.9998161425282387,0.9996956625168302
4,"1,9,4,6",0.9993291956507008,0.999986559139785,0.9998171544659928
4,"1,9,4,7",0.9997444207543656,1.0,0.9999900729926436
4,"1,9,4,8",0.9999068201117061,1.0,0.9999900729926436
4,"1,9,4,9",0.9999674363830544,1.0,0.9999900729926436
4,"1,9,4,10",0.9999890741737752,1.0,0.9999900729926436
4,"1,9,5,0",0.9447257500829959,0.6559047619047618,0.9904428243716288
4,"1,9,5,1",0.9718672014477522,0.9671666666666665,0.9823906924508647
4,"1,9,5,2",0.986436085784519,0.8393333333333333,0.9788449986758537
4,"1,9,5,3",0.9937907716422631,0.9977123867220123,0.9973793226341763
4,"1,9,5,4",0.9972953060855854,0.86,0.4025446912718625
4,"1,9,5,5",0.9988766385888921,1.0,0.9999017514730272
4,"1,9,5,6",0.9995542614973026,1.0,0.9998790458934612
4,"1,9,5,7",0.9998307278737826,1.0,0.9999900729926436
4,"1,9,5,8",0.9999383730942594,1.0,0.9999900729926436
4,"1,9,5,9",0.9999784561901532,1.0,0.9999900729926436
4,"1,9,5,10",0.9999927575517299,1.0,0.9999900729926436
4,"1,9,6,0",0.9608909717937868,0.6559047619047618,0.9903302958285707
4,"1,9,6,1",0.9804213792277299,0.9671666666666665,0.9823906924508647
4,"1,9,6,2",0.9906901593866893,0.8393333333333333,0.9788449986758537
4,"1,9,6,3",0.9957862128804146,0.9977123867220123,0.9973793226341763
4,"1,9,6,4",0.9981809654958972,0.86,0.4025446912718625
4,"1,9,6,5",0.9992496466505961,1.0,0.9999017514730272
4,"1,9,6,6",0.9997037100968433,1.0,0.9998790458934612
4,"1,9,6,7",0.9998878197749406,1.0,0.9999900729926436
4,"1,9,6,8",0.9999592111422421,1.0,0.9999900729926436
4,"1,9,6,9",0.9999857364477877,1.0,0.9999900729926436
4,"1,9,6,10",0.9999951963593047,1.0,0.9999900729926436
4,"1,9,7,0",0.9724638401103612,0.6559047619047618,0.9903302958285707
4,"1,9,7,1",0.9864217824508729,0.9671666666666665,0.9823906924508647
4,"1,9,7,2",0.9936246787819745,0.8393333333333333,0.9788449986758537
4,"1,9,7,3",0.9971442350740105,0.9977123867220123,0.9973793226341763
4,"1,9,7,4",0.9987773519250223,0.86,0.4025446912718625
4,"1,9,7,5",0.9994988219721136,1.0,0.9999017514730272
4,"1,9,7,6",0.9998029833057763,1.0,0.9998790458934612
4,"1,9,7,7",0.9999256123208532,1.0,0.9999900729926436
4,"1,9,7,8",0.9999729845461417,1.0,0.9999900729926436
4,"1,9,7,9",0.9999905501418205,1.0,0.9999900729926436
4,"1,9,7,10",0.9999968121840578,1.0,0.9999900729926436
4,"1,9,8,0",0.9806948665064065,0.6559047619047618,0.9903302958285707
4,"1,9,8,1",0.9906116412289478,0.9671666666666665,0.9823906924508647
4,"1,9,8,2",0.9956429056661767,0.8393333333333333,0.9788449986758537
4,"1,9,8,3",0.9980668300903205,0.9977123867220123,0.9973793226341763
4,"1,9,8,4",0.9991786199460562,0.86,0.4025446912718625
4,"1,9,8,5",0.9996652549828932,1.0,0.9999017514730272
4,"1,9,8,6",0.9998689505994919,1.0,0.9998790458934612
4,"1,9,8,7",0.9999506458247476,1.0,0.9999900729926436
4,"1,9,8,8",0.9999820955269577,1.0,0.9999900729926436
4,"1,9,8,9",0.9999937353789254,1.0,0.9999900729926436
4,"1,9,8,10",0.9999978834003942,1.0,0.9999900729926436
4,"1,9,9,0",0.9865161624234281,0.6559047619047618,0.9903302958285707
4,"1,9,9,1",0.9935257905986578,0.9671666666666665,0.9823906924508647
4,"1,9,9,2",0.997027388035653,0.8393333333333333,0.9788449986758537
4,"1,9,9,3",0.9986926718563408,0.9977123867220123,0.9973793226341763
4,"1,9,9,4",0.9994484234730335,0.86,0.4025446912718625
4,"1,9,9,5",0.9997764139110784,1.0,0.9999017514730272
4,"1,9,9,6",0.9999128015414729,1.0,0.9998790458934612
4,"1,9,9,7",0.9999672379810418,1.0,0.9999900729926436
4,"1,9,9,8",0.9999881267254019,1.0,0.9999900729926436
4,"1,9,9,9",0.9999958445519502,1.0,0.9999900729926436
4,"1,9,9,10",0.9999985939737741,1.0,0.9999900729926436
4,"1,9,10,0",0.9906131703635386,0.6559047619047618,0.9903302958285707
4,"1,9,10,1",0.9955457683144836,0.9671666666666665,0.9823906924508647
4,"1,9,10,2",0.9979750235636706,0.8393333333333333,0.9788449986758537
4,"1,9,10,3",0.9991166667590731,0.9977123867220123,0.9973793226341763
4,"1,9,10,4",0.9996297313333972,0.86,0.4025446912718625
4,"1,9,10,5",0.9998506538625876,1.0,0.9999017514730272
4,"1,9,10,6",0.9999419609895432,1.0,0.9998790458934612
4,"1,9,10,7",0.9999782415393283,1.0,0.9999900729926436
4,"1,9,10,8",0.999992121887637,1.0,0.9999900729926436
4,"1,9,10,9",0.9999972421040867,1.0,0.9999900729926436
4,"1,9,10,10",0.9999990655737151,1.0,0.9999900729926436
4,"1,10,0,0",0.7475777628210568,0.259960705960706,0.2889079004395554
4,"1,10,0,1",0.8548048832285119,0.9706282540988422,0.9992149116364
4,"1,10,0,2",0.921928470643412,0.9945454545454545,0.9949956728538762
4,"1,10,0,3",0.9606344752446534,0.98,0.9988440129178365
4,"1,10,0,4",0.9813296463596626,0.93,0.0062755452290480344
4,"1,10,0,5",0.9916464683178157,0.99,0.9996769209666166
4,"1,10,0,6",0.996464408829683,0.99992,0.9977631784372087
4,"1,10,0,7",0.9985808017267017,1.0,0.9998576216194295
4,"1,10,0,8",0.9994584351654507,1.0,0.9998576216194295
4,"1,10,0,9",0.9998030992694757,1.0,0.9998576216194295
4,"1,10,0,10",0.999931651746501,1.0,0.9998576216194295
4,"1,10,1,0",0.8134064296276804,0.3519585969585969,0.4329688634427489
4,"1,10,1,1",0.8954307482239091,0.9881809194609044,0.9948788122005948
4,"1,10,1,2",0.9449998298540301,0.9816942644244046,0.9903554605609889
4,"1,10,1,3",0.9727713344742004,0.95,0.9985790671879854
4,"1,10,1,4",0.9872767372432311,0.8499679734358867,0.02294661030892801
4,"1,10,1,5",0.9943736326701574,0.97,0.9993987497467638
4,"1,10,1,6",0.9976395486732081,0.979307137020937,0.9942051410335475
4,"1,10,1,7",0.9990583062126964,0.99,0.999828898412048
4,"1,10,1,8",0.9996419743415511,1.0,0.999828898412048
4,"1,10,1,9",0.999870017313271,1.0,0.999828898412048
4,"1,10,1,10",0.999954851844477,1.0,0.999828898412048
4,"1,10,2,0",0.8634506972308438,0.7448288100788097,0.7856477969118546
4,"1,10,2,1",0.9252504190791369,0.9728878437924878,0.9930430282951889
4,"1,10,2,2",0.9614578570494183,0.9567774251610459,0.9906827962212114
4,"1,10,2,3",0.981232159009996,0.85,0.997526913505393
4,"1,10,2,4",0.991347464408313,0.46661030439576917,0.04378479359717336
4,"1,10,2,5",0.9962141267495281,0.9066551624550407,0.9996825358544946
4,"1,10,2,6",0.9984243342220294,0.9297277541005217,0.9989906124881498
4,"1,10,2,7",0.999374888763958,0.95,0.9999710731143409
4,"1,10,2,8",0.9997631326462091,0.98,0.9999710731143409
4,"1,10,2,9",0.999914116442124,0.98,0.9999710731143409
4,"1,10,2,10",0.9999701516548628,1.0,0.9999710731143409
4,"1,10,3,0",0.9009327085388603,0.5292380952380952,0.5539841039954675
4,"1,10,3,1",0.9469074749921786,0.8778849206349206,0.9156811166626765
4,"1,10,3,2",0.9731129708919161,0.6893275325538536,0.6088567255686466
4,"1,10,3,3",0.9871024675146366,0.984834359269847,0.9796576269433176
4,"1,10,3,4",0.9941260718964307,0.8566046817338043,0.10434947956488104
4,"1,10,3,5",0.9974545749476539,0.9966387247546962,0.9998433621700396
4,"1,10,3,6",0.9989482854167151,0.9999464383497348,0.9995323462625978
4,"1,10,3,7",0.9995848717508944,1.0,0.9999900729926436
4,"1,10,3,8",0.9998431802046494,1.0,0.9999900729926436
4,"1,10,3,9",0.9999432075948321,1.0,0.9999900729926436
4,"1,10,3,10",0.9999802512617834,1.0,0.9999900729926436
4,"1,10,4,0",0.9286599636289057,0.6170714285714285,0.9347606216790444
4,"1,10,4,1",0.9624973501987031,1.0,0.9760835472988775
4,"1,10,4,2",0.9813164318657636,0.7829915254237289,0.6970654965207256
4,"1,10,4,3",0.9911592469678322,0.9692527656216994,0.9743214475963103
4,"1,10,4,4",0.9960182889662959,0.859923258385098,0.1131901713150255
4,"1,10,4,5",0.9982896993348889,0.9998161425282387,0.9996956625168302
4,"1,10,4,6",0.9992980298320187,0.999986559139785,0.9998171544659928
4,"1,10,4,7",0.9997242090334373,1.0,0.9999900729926436
4,"1,10,4,8",0.9998961083591064,1.0,0.9999900729926436
4,"1,10,4,9",0.9999624163375653,1.0,0.9999900729926436
4,"1,10,4,10",0.9999869240943164,1.0,0.9999900729926436
4,"1,10,5,0",0.9489582497657754,0.6559047619047618,0.9904428243716288
4,"1,10,5,1",0.9736358983036437,0.9671666666666665,0.9823906924508647
4,"1,10,5,2",0.9870605859952013,0.8393333333333333,0.9788449986758537
4,"1,10,5,3",0.9939533336085448,0.9977123867220123,0.9973793226341763
4,"1,10,5,4",0.9973043597850678,0.86,0.4025446912718625
4,"1,10,5,5",0.9988514424812354,1.0,0.9999017514730272
4,"1,10,5,6",0.999531463275242,1.0,0.9998790458934612
4,"1,10,5,7",0.9998167072428716,1.0,0.9999900729926436
4,"1,10,5,8",0.9999311306896176,1.0,0.9999900729926436
4,"1,10,5,9",0.999975110715139,1.0,0.9999900729926436
4,"1,10,5,10",0.9999913364712578,1.0,0.9999900729926436
4,"1,10,6,0",0.9636868365850253,0.6559047619047618,0.9903302958285707
4,"1,10,6,1",0.981543362835003,0.9671666666666665,0.9823906924508647
4,"1,10,6,2",0.9910649432668058,0.8393333333333333,0.9788449986758537
4,"1,10,6,3",0.9958722339791183,0.9977123867220123,0.9973793226341763
4,"1,10,6,4",0.9981770103577137,0.86,0.4025446912718625
4,"1,10,6,5",0.9992290213299003,1.0,0.9999017514730272
4,"1,10,6,6",0.9996872579760496,1.0,0.9998790458934612
4,"1,10,6,7",0.9998781368263205,1.0,0.9999900729926436
4,"1,10,6,8",0.9999543207109937,1.0,0.9999900729926436
4,"1,10,6,9",0.9999835066579021,1.0,0.9999900729926436
4,"1,10,6,10",0.999994256347399,1.0,0.9999900729926436
4,"1,10,7,0",0.9742931047044782,0.6559047619047618,0.9903302958285707
4,"1,10,7,1",0.987126261438825,0.9671666666666665,0.9823906924508647
4,"1,10,7,2",0.9938458539404326,0.8393333333333333,0.9788449986758537
4,"1,10,7,3",0.9971868425433107,0.9977123867220123,0.9973793226341763
4,"1,10,7,4",0.9987683066949979,0.86,0.4025446912718625
4,"1,10,7,5",0.9994826609094872,1.0,0.9999017514730272
4,"1,10,7,6",0.9997912353946781,1.0,0.9998790458934612
4,"1,10,7,7",0.9999189494792659,1.0,0.9999900729926436
4,"1,10,7,8",0.9999696858080589,1.0,0.9999900729926436
4,"1,10,7,9",0.9999890637480362,1.0,0.9999900729926436
4,"1,10,7,10",0.9999961899245732,1.0,0.9999900729926436
4,"1,10,8,0",0.9818808814661745,0.6559047619047618,0.9903302958285707
4,"1,10,8,1",0.9910492589598373,0.9671666666666665,0.9823906924508647
4,"1,10,8,2",0.9957707694987729,0.8393333333333333,0.9788449986758537
4,"1,10,8,3",0.9980855510077212,0.9977123867220122,0.9973793226341763
4,"1,10,8,4",0.9991684802460604,0.86,0.4025446912718625
4,"1,10,8,5",0.9996529598357398,1.0,0.9999017514730272
4,"1,10,8,6",0.9998606318437386,1.0,0.9998790458934612
4,"1,10,8,7",0.999946075083446,1.0,0.9999900729926436
4,"1,10,8,8",0.9999798724157122,1.0,0.9999900729926436
4,"1,10,8,9",0.999992744380072,1.0,0.9999900729926436
4,"1,10,8,10",0.9999974711992573,1.0,0.9999900729926436
4,"1,10,9,0",0.9872783423106097,0.6559047619047618,0.9903302958285707
4,"1,10,9,1",0.9937944948994321,0.9671666666666665,0.9823906924508647
4,"1,10,9,2",0.9970993643853856,0.8393333333333333,0.9788449986758537
4,"1,10,9,3",0.9986988074336692,0.9977123867220122,0.9973793226341763
4,"1,10,9,4",0.9994390281062577,0.86,0.4025446912718625
4,"1,10,9,5",0.9997672556223389,1.0,0.9999017514730272
4,"1,10,9,6",0.9999069508358034,1.0,0.9998790458934612
4,"1,10,9,7",0.9999641104704591,1.0,0.9999900729926436
4,"1,10,9,8",0.9999866296291868,1.0,0.9999900729926436
4,"1,10,9,9",0.9999951837282891,1.0,0.9999900729926436
4,"1,10,9,10",0.9999983207459315,1.0,0.9999900729926436
4,"1,10,10,0",0.9910986502746039,0.6559047619047618,0.9903302958285707
4,"1,10,10,1",0.9957086133962807,0.9671666666666665,0.9823906924508647
4,"1,10,10,2",0.9980140793818123,0.8393333333333333,0.9788449986758537
4,"1,10,10,3",0.9991166082425913,0.9977123867220123,0.9973793226341763
4,"1,10,10,4",0.9996217768880703,0.86,0.4025446912718625
4,"1,10,10,5",0.9998439393742826,1.0,0.9999017514730272
4,"1,10,10,6",0.9999378690013615,1.0,0.9998790458934612
4,"1,10,10,7",0.9999761062096348,1.0,0.9999900729926436
4,"1,10,10,8",0.9999911143416793,1.0,0.9999900729926436
4,"1,10,10,9",0.9999968013729844,1.0,0.9999900729926436
4,"1,10,10,10",0.9999988843564077,1.0,0.9999900729926436
